timestamp,symbol,price,signal,rsi,bb_lower,bb_middle,bb_upper,macd,macd_signal,stoch_k,stoch_d,williams_r,atr,interval,status,future_price,profit_loss
2025-06-30 03:21:11,ETHUSDT,2600.13,SAT (ZayÄ±f),54.06,2471.89,2608.76,2668.27,70.82,58.21,57.98,53.67,-84.66,65.09,1h,BaÅŸarÄ±lÄ±,2416.76,7.05
2025-06-30 05:21:11,BTCUSDT,48471.38,AL (ZayÄ±f),57.5,46737.71,49358.56,50138.37,10.44,19.62,89.58,83.25,-24.76,763.95,1h,BaÅŸarÄ±lÄ±,52134.4,7.56
2025-06-30 07:21:11,BTCUSDT,43509.55,AL (ZayÄ±f),28.32,41861.0,44128.83,45330.37,-99.33,-92.75,58.61,68.31,-67.19,810.8,1h,BaÅŸarÄ±sÄ±z,42490.55,-2.34
2025-06-30 09:21:11,XRPUSDT,109.64,SAT,70.02,107.02,108.66,113.07,76.62,69.66,58.41,66.21,-19.77,1.11,15m,BaÅŸarÄ±sÄ±z,113.84,-3.83
2025-06-30 11:21:11,BNBUSDT,896.51,SAT (GÃ¼Ã§lÃ¼),70.34,854.01,882.73,925.79,-61.09,-54.65,59.83,57.42,-72.88,17.03,1h,BaÅŸarÄ±lÄ±,801.72,10.573222830754812
2025-06-30 13:21:11,ETHUSDT,2343.11,BEKLE,70.68,2294.48,2321.37,2431.57,-10.82,-30.33,88.92,87.79,-17.65,97.37,1h,NÃ¶tr,3776.83,0.0
2025-06-30 15:21:11,XRPUSDT,968.11,SAT,24.64,938.56,983.97,998.34,-69.93,-67.69,84.25,88.66,-73.52,34.91,15m,BaÅŸarÄ±lÄ±,882.16,8.88
2025-06-30 17:21:11,BNBUSDT,131.81,BEKLE,73.0,126.66,129.22,138.33,10.8,19.6,36.93,32.89,-31.02,1.78,1h,BaÅŸarÄ±sÄ±z,136.67,-3.68
2025-06-30 19:21:11,SOLUSDT,948.93,BEKLE,47.41,929.95,959.22,991.58,32.7,47.25,54.72,56.98,-41.22,46.99,1h,NÃ¶tr,180.48,0.0
2025-06-30 21:21:11,BNBUSDT,447.65,SAT (GÃ¼Ã§lÃ¼),69.72,429.71,442.89,459.38,-2.68,12.05,52.89,60.0,-19.78,5.26,4h,BaÅŸarÄ±sÄ±z,471.45,-5.32
2025-06-30 23:21:11,BTCUSDT,48533.04,SAT (GÃ¼Ã§lÃ¼),37.1,47288.84,49340.42,50551.26,-82.39,-83.84,50.78,56.31,-46.78,1000.9,1h,BaÅŸarÄ±sÄ±z,52320.25,-7.8
2025-07-01 01:21:11,SOLUSDT,234.6,SAT (GÃ¼Ã§lÃ¼),29.22,226.18,235.51,239.49,-13.59,-32.69,14.77,20.38,-36.06,9.03,4h,BaÅŸarÄ±lÄ±,218.0,7.07
2025-07-01 03:21:11,ETHUSDT,2732.55,AL (ZayÄ±f),33.78,2631.56,2770.69,2801.2,-11.17,-24.31,57.47,49.13,-85.33,43.42,1h,BaÅŸarÄ±lÄ±,2790.83,2.13
2025-07-01 05:21:11,XRPUSDT,645.68,AL,50.85,627.21,635.64,674.87,43.65,36.79,45.51,37.67,-66.47,28.06,1h,BaÅŸarÄ±sÄ±z,592.13,-8.29
2025-07-01 07:21:11,BTCUSDT,42025.75,SAT (ZayÄ±f),53.93,40096.61,42424.74,44104.07,36.77,29.74,83.15,87.12,-60.36,1443.98,1h,BaÅŸarÄ±lÄ±,41041.06,2.34
2025-07-01 09:21:11,SOLUSDT,737.0,AL (ZayÄ±f),54.11,704.96,740.41,753.56,12.7,15.45,54.49,49.96,-15.16,36.63,4h,BaÅŸarÄ±sÄ±z,711.94,-3.4
2025-07-01 11:21:11,BNBUSDT,595.39,SAT,48.66,568.0,600.98,621.73,-55.48,-45.36,11.1,10.37,-17.27,12.81,15m,BaÅŸarÄ±sÄ±z,635.51,-6.74
2025-07-01 13:21:11,ETHUSDT,2075.25,AL (GÃ¼Ã§lÃ¼),45.81,2002.37,2084.49,2163.57,9.69,17.43,71.69,76.56,-58.88,81.97,15m,BaÅŸarÄ±lÄ±,2266.52,9.22
2025-07-01 15:21:11,XRPUSDT,709.11,SAT (GÃ¼Ã§lÃ¼),25.68,693.11,718.92,742.79,69.32,87.74,25.39,17.7,-70.09,26.72,1h,BaÅŸarÄ±lÄ±,3.1177,99.56033619607678
2025-07-01 17:21:11,ETHUSDT,2106.68,SAT,32.67,2030.44,2064.84,2154.16,-41.73,-41.03,63.12,68.59,-75.13,32.52,4h,BaÅŸarÄ±sÄ±z,3776.83,-79.2787703875292
2025-07-01 19:21:11,ETHUSDT,2679.62,AL,33.51,2582.54,2652.6,2795.79,31.83,12.04,82.29,90.54,-45.14,44.13,4h,BaÅŸarÄ±lÄ±,3776.83,40.946477485613634
2025-07-01 21:21:11,ETHUSDT,2826.98,SAT,71.96,2727.21,2872.28,2903.76,-59.59,-43.51,39.93,30.53,-79.04,88.92,15m,BaÅŸarÄ±sÄ±z,3060.78,-8.27
2025-07-01 23:21:11,BTCUSDT,41837.85,BEKLE,51.28,40687.52,42038.83,43652.77,11.38,29.69,40.04,46.22,-53.26,2051.95,1h,NÃ¶tr,117760.36,0.0
2025-07-02 01:21:11,ETHUSDT,2920.46,AL,24.48,2805.25,2931.11,3064.5,-50.51,-67.01,67.12,75.3,-37.43,112.57,4h,BaÅŸarÄ±lÄ±,3127.69,7.1
2025-07-02 03:21:11,XRPUSDT,597.69,AL (ZayÄ±f),59.88,584.12,586.74,614.3,-2.35,5.33,75.56,80.34,-16.34,22.12,4h,BaÅŸarÄ±lÄ±,634.45,6.15
2025-07-02 05:21:11,BTCUSDT,48647.24,SAT (ZayÄ±f),55.53,46676.27,47976.52,50502.1,69.02,81.88,59.27,66.61,-58.52,1175.74,4h,BaÅŸarÄ±sÄ±z,50195.32,-3.18
2025-07-02 07:21:11,BTCUSDT,40794.95,SAT (ZayÄ±f),56.14,38934.31,40160.33,42570.57,-65.44,-55.5,44.17,38.6,-18.75,1863.62,4h,BaÅŸarÄ±lÄ±,38445.01,5.76
2025-07-02 09:21:11,XRPUSDT,297.23,AL,36.53,284.83,295.53,311.39,88.75,96.26,53.64,46.71,-25.5,3.12,4h,BaÅŸarÄ±sÄ±z,3.1178,-98.95104800995864
2025-07-02 11:21:11,BNBUSDT,306.63,AL (ZayÄ±f),74.26,291.32,302.92,313.33,-32.8,-46.69,66.62,75.94,-16.08,12.19,4h,BaÅŸarÄ±lÄ±,321.82,4.95
2025-07-02 13:21:11,BTCUSDT,41596.78,BEKLE,47.8,39570.28,42101.82,42504.29,-32.22,-38.27,13.59,15.63,-14.38,1344.33,1h,BaÅŸarÄ±sÄ±z,42485.67,-2.14
2025-07-02 15:21:11,ETHUSDT,2678.48,SAT (ZayÄ±f),47.12,2612.43,2651.63,2746.91,85.3,93.16,23.32,31.88,-57.64,122.04,4h,BaÅŸarÄ±sÄ±z,2753.18,-2.79
2025-07-02 17:21:11,BTCUSDT,44552.79,AL (GÃ¼Ã§lÃ¼),60.03,42454.31,45171.92,46094.73,-4.54,10.12,40.98,38.46,-29.07,1597.15,1h,BaÅŸarÄ±lÄ±,48733.66,9.38
2025-07-02 19:21:11,SOLUSDT,660.23,AL,23.49,643.27,658.02,674.35,10.25,-0.36,47.7,52.01,-37.53,17.41,1h,BaÅŸarÄ±sÄ±z,630.19,-4.55
2025-07-02 21:21:11,ETHUSDT,2884.18,AL (GÃ¼Ã§lÃ¼),31.14,2805.92,2866.98,3011.21,28.68,11.08,51.53,57.52,-12.74,88.33,4h,BaÅŸarÄ±lÄ±,3777.2,30.962699970182168
2025-07-02 23:21:11,SOLUSDT,857.85,BEKLE,26.14,825.22,869.48,878.54,-26.99,-15.78,24.86,16.2,-76.42,30.35,15m,BaÅŸarÄ±lÄ±,835.58,2.6
2025-07-03 01:21:11,BTCUSDT,43488.72,BEKLE,62.72,42333.27,42626.25,44914.87,57.23,50.89,52.59,47.3,-14.71,1247.32,4h,BaÅŸarÄ±lÄ±,41711.89,4.09
2025-07-03 03:21:11,SOLUSDT,312.47,BEKLE,59.33,305.58,310.88,327.69,-86.31,-94.33,89.88,87.04,-88.25,6.74,15m,BaÅŸarÄ±lÄ±,281.69,9.85
2025-07-03 05:21:11,SOLUSDT,359.89,SAT (ZayÄ±f),20.29,349.35,364.89,367.99,-94.47,-83.53,28.37,20.39,-30.15,14.99,4h,BaÅŸarÄ±lÄ±,345.31,4.05
2025-07-03 07:21:11,SOLUSDT,971.14,AL,39.69,951.01,958.36,996.04,-73.85,-90.26,86.95,96.46,-10.23,26.28,1h,BaÅŸarÄ±sÄ±z,180.48,-81.41565582717219
2025-07-03 09:21:11,SOLUSDT,451.85,AL,58.06,438.81,444.39,465.49,-92.42,-78.36,29.09,21.06,-16.98,5.99,15m,BaÅŸarÄ±sÄ±z,180.48,-60.05754121943122
2025-07-03 11:21:11,BTCUSDT,40417.62,AL (ZayÄ±f),77.12,39015.4,39642.4,41874.29,92.47,100.63,11.58,8.79,-85.68,1333.92,4h,BaÅŸarÄ±sÄ±z,37870.07,-6.3
2025-07-03 13:21:11,BNBUSDT,298.45,AL (ZayÄ±f),55.29,287.28,298.54,311.34,-85.84,-100.53,58.92,63.86,-49.77,8.24,1h,BaÅŸarÄ±sÄ±z,282.32,-5.41
2025-07-03 15:21:11,ETHUSDT,2535.08,SAT (GÃ¼Ã§lÃ¼),42.18,2483.34,2554.17,2599.65,69.43,69.7,18.8,20.35,-35.73,69.05,1h,BaÅŸarÄ±sÄ±z,3777.26,-48.99963709232057
2025-07-03 17:21:11,SOLUSDT,204.6,AL (ZayÄ±f),42.98,198.72,203.22,211.29,-89.37,-77.38,12.05,15.24,-22.68,3.67,15m,BaÅŸarÄ±sÄ±z,197.24,-3.6
2025-07-03 19:21:11,XRPUSDT,981.96,SAT (ZayÄ±f),64.85,955.5,984.83,1023.2,17.9,21.03,87.0,83.45,-41.87,35.38,1h,BaÅŸarÄ±lÄ±,3.1177,99.68250234225428
2025-07-03 21:21:11,ETHUSDT,2035.2,AL (ZayÄ±f),75.85,1984.67,2031.15,2113.49,61.03,52.18,36.68,35.61,-78.87,55.08,1h,BaÅŸarÄ±sÄ±z,1863.49,-8.44
2025-07-03 23:21:11,BNBUSDT,271.2,SAT (GÃ¼Ã§lÃ¼),25.71,262.53,273.63,278.58,28.56,35.99,44.94,46.66,-66.04,11.06,15m,BaÅŸarÄ±sÄ±z,284.75,-5.0
2025-07-04 01:21:11,SOLUSDT,810.75,AL,75.39,787.99,805.38,835.16,-76.33,-57.06,26.56,27.62,-32.91,21.36,4h,BaÅŸarÄ±sÄ±z,759.34,-6.34
2025-07-04 03:21:11,ETHUSDT,2438.65,SAT (ZayÄ±f),39.53,2340.36,2438.55,2490.51,-53.23,-47.18,82.37,91.18,-39.55,38.78,1h,BaÅŸarÄ±sÄ±z,2629.21,-7.81
2025-07-04 05:21:11,XRPUSDT,419.43,AL (ZayÄ±f),30.58,409.84,419.26,429.78,65.34,66.43,37.61,32.51,-12.29,9.37,1h,BaÅŸarÄ±lÄ±,440.27,4.97
2025-07-04 07:21:11,SOLUSDT,901.2,AL,64.63,867.53,916.09,942.6,-29.34,-15.32,45.58,40.56,-40.54,35.7,1h,BaÅŸarÄ±lÄ±,988.74,9.71
2025-07-04 09:21:11,BTCUSDT,49099.12,SAT (ZayÄ±f),49.38,47574.39,48210.45,50389.92,-3.79,10.39,72.24,66.9,-62.84,1124.82,4h,BaÅŸarÄ±sÄ±z,117760.36,-139.84209900299635
2025-07-04 11:21:11,BTCUSDT,46528.07,AL,66.87,44318.22,46448.01,48392.35,-17.66,2.19,36.4,41.01,-71.1,1823.01,1h,BaÅŸarÄ±sÄ±z,44121.2,-5.17
2025-07-04 13:21:11,SOLUSDT,250.01,AL,27.9,242.08,253.84,258.54,-27.85,-8.22,34.08,32.47,-10.01,11.66,1h,BaÅŸarÄ±lÄ±,259.94,3.97
2025-07-04 15:21:11,ETHUSDT,2845.02,BEKLE,54.29,2716.14,2799.45,2945.93,-89.99,-77.9,80.03,73.31,-42.75,59.98,15m,NÃ¶tr,3777.27,0.0
2025-07-04 17:21:11,SOLUSDT,941.72,AL,52.84,920.87,952.35,976.76,59.33,52.76,37.07,31.31,-44.88,11.24,4h,BaÅŸarÄ±sÄ±z,180.47,-80.8361296351357
2025-07-04 19:21:11,BTCUSDT,41160.08,AL (ZayÄ±f),73.7,39125.88,41842.01,42262.34,64.47,71.24,55.83,50.94,-84.69,615.87,15m,BaÅŸarÄ±sÄ±z,37048.63,-9.99
2025-07-04 21:21:11,ETHUSDT,2980.89,SAT (GÃ¼Ã§lÃ¼),72.82,2875.63,3039.63,3052.1,12.57,10.44,71.42,80.57,-21.21,96.87,15m,BaÅŸarÄ±sÄ±z,3176.99,-6.58
2025-07-04 23:21:11,BTCUSDT,44426.05,BEKLE,74.78,43190.89,44179.73,45930.12,11.83,17.2,80.61,89.18,-23.45,1183.51,15m,NÃ¶tr,117760.35,0.0
2025-07-05 01:21:11,BNBUSDT,976.19,SAT (ZayÄ±f),41.53,938.53,964.8,1008.68,-89.33,-86.38,62.8,57.3,-79.74,14.49,1h,BaÅŸarÄ±lÄ±,801.74,17.87049652219343
2025-07-05 03:21:11,SOLUSDT,110.35,AL,72.87,106.58,110.07,115.15,75.87,69.37,27.92,26.08,-88.65,2.01,1h,BaÅŸarÄ±sÄ±z,107.75,-2.36
2025-07-05 05:21:11,BNBUSDT,955.28,BEKLE,43.15,910.3,967.91,993.19,97.11,92.44,80.26,80.36,-57.1,28.36,1h,NÃ¶tr,801.87,0.0
2025-07-05 07:21:11,ETHUSDT,2230.48,BEKLE,60.6,2162.82,2270.44,2324.35,65.62,79.7,64.99,65.43,-37.3,40.77,1h,NÃ¶tr,3777.26,0.0
2025-07-05 09:21:11,BTCUSDT,45551.06,SAT,28.7,44421.53,45186.33,47006.71,80.42,61.59,60.54,58.56,-44.45,1925.16,15m,BaÅŸarÄ±sÄ±z,117760.36,-158.52386311097922
2025-07-05 11:21:11,ETHUSDT,2352.35,SAT (GÃ¼Ã§lÃ¼),62.02,2287.42,2306.68,2442.07,-28.38,-30.15,62.43,70.65,-84.66,111.84,4h,BaÅŸarÄ±lÄ±,2293.42,2.5
2025-07-05 13:21:11,ETHUSDT,2868.76,BEKLE,23.98,2730.77,2913.03,2988.21,16.03,-2.48,63.85,65.11,-63.03,51.81,1h,BaÅŸarÄ±lÄ±,2622.36,8.59
2025-07-05 15:21:11,BNBUSDT,348.04,AL,43.94,333.25,352.2,361.92,12.74,22.48,64.55,67.11,-64.36,14.44,4h,BaÅŸarÄ±lÄ±,801.87,130.3959315021262
2025-07-05 17:21:11,BTCUSDT,43108.87,AL (ZayÄ±f),59.36,41432.95,42678.77,45152.77,-54.38,-43.07,10.96,12.19,-13.6,1502.42,15m,BaÅŸarÄ±lÄ±,44591.2,3.44
2025-07-05 19:21:11,BTCUSDT,46441.86,SAT (ZayÄ±f),77.58,45355.41,46519.11,47910.47,85.13,88.67,75.09,73.04,-69.21,557.36,4h,BaÅŸarÄ±lÄ±,45195.02,2.68
2025-07-05 21:21:11,BTCUSDT,48604.9,SAT,31.38,46817.89,48210.61,50594.7,-91.67,-93.39,27.17,33.79,-49.99,2384.97,15m,BaÅŸarÄ±sÄ±z,117760.35,-142.28081942355607
2025-07-05 23:21:11,BNBUSDT,693.59,AL (GÃ¼Ã§lÃ¼),75.3,674.75,684.39,708.38,-39.05,-20.72,24.45,18.09,-46.54,23.85,1h,BaÅŸarÄ±lÄ±,740.1,6.71
2025-07-06 01:21:11,BNBUSDT,274.9,SAT,55.04,264.79,275.64,285.79,-18.21,-36.88,80.04,77.93,-59.67,5.12,1h,BaÅŸarÄ±sÄ±z,801.83,-191.6806111313205
2025-07-06 03:21:11,ETHUSDT,2118.92,AL (ZayÄ±f),32.68,2020.89,2139.07,2171.38,-52.62,-66.63,72.21,77.64,-27.24,80.57,4h,BaÅŸarÄ±lÄ±,3777.01,78.2516565042569
2025-07-06 05:21:11,BNBUSDT,642.64,AL (GÃ¼Ã§lÃ¼),25.83,612.33,631.48,656.02,-52.18,-66.17,21.9,20.28,-26.37,22.82,15m,BaÅŸarÄ±lÄ±,663.93,3.31
2025-07-06 07:21:11,SOLUSDT,480.34,SAT (ZayÄ±f),47.55,469.4,480.35,498.55,-62.86,-72.71,71.76,71.5,-77.42,13.22,1h,BaÅŸarÄ±lÄ±,180.44,62.434941916142726
2025-07-06 09:21:11,SOLUSDT,581.91,AL (ZayÄ±f),21.76,561.63,572.05,604.45,-32.68,-52.02,61.18,60.46,-61.49,17.93,4h,BaÅŸarÄ±sÄ±z,180.44,-68.99176848653572
2025-07-06 11:21:11,SOLUSDT,475.14,SAT,64.84,458.89,482.0,494.27,-71.16,-74.25,86.98,89.64,-32.05,17.17,15m,BaÅŸarÄ±lÄ±,180.44,62.02382455697269
2025-07-06 13:21:11,BNBUSDT,442.36,AL (ZayÄ±f),38.54,430.72,433.52,455.39,4.53,2.72,54.18,59.96,-60.3,21.47,4h,BaÅŸarÄ±lÄ±,477.62,7.97
2025-07-06 15:21:11,BNBUSDT,667.32,AL,39.36,644.05,671.85,688.55,93.8,90.68,37.81,42.25,-44.38,10.11,4h,BaÅŸarÄ±lÄ±,708.26,6.13
2025-07-06 17:21:11,ETHUSDT,2651.86,SAT,43.31,2531.33,2685.71,2747.68,-95.34,-102.35,42.32,42.46,-83.95,81.59,1h,BaÅŸarÄ±sÄ±z,2878.18,-8.53
2025-07-06 19:21:11,BNBUSDT,887.28,AL (GÃ¼Ã§lÃ¼),33.46,865.87,903.81,930.81,39.89,37.29,69.1,68.7,-79.61,18.46,1h,BaÅŸarÄ±lÄ±,944.81,6.48
2025-07-06 21:21:11,SOLUSDT,398.39,AL (GÃ¼Ã§lÃ¼),42.77,380.81,404.96,409.31,-42.86,-31.95,17.98,10.4,-27.11,10.03,15m,BaÅŸarÄ±lÄ±,434.54,9.07
2025-07-06 23:21:11,BTCUSDT,49068.18,AL (ZayÄ±f),33.42,46829.4,48523.53,51345.05,0.12,0.9,45.94,38.08,-70.7,2032.05,4h,BaÅŸarÄ±sÄ±z,47403.8,-3.39
2025-07-07 01:21:11,XRPUSDT,688.1,SAT (ZayÄ±f),44.43,665.96,678.91,706.34,87.94,77.71,15.04,10.59,-69.53,26.86,1h,BaÅŸarÄ±lÄ±,638.85,7.16
2025-07-07 03:21:11,BTCUSDT,43969.08,SAT (ZayÄ±f),46.31,42435.5,44036.68,46020.01,84.05,72.06,73.83,66.54,-89.05,1151.19,4h,BaÅŸarÄ±lÄ±,42535.96,3.26
2025-07-07 05:21:11,SOLUSDT,520.18,SAT (GÃ¼Ã§lÃ¼),47.56,500.91,524.43,537.99,-65.5,-66.4,41.52,40.69,-45.7,25.93,15m,BaÅŸarÄ±lÄ±,486.46,6.48
2025-07-07 07:21:11,BTCUSDT,43496.54,AL,30.68,42475.81,43802.63,44431.0,40.17,44.07,31.76,39.68,-34.31,2126.96,4h,BaÅŸarÄ±sÄ±z,41447.96,-4.71
2025-07-07 09:21:11,BTCUSDT,42742.63,AL (ZayÄ±f),62.91,40892.15,43209.71,44878.83,23.31,19.74,76.03,83.71,-69.65,1306.6,4h,BaÅŸarÄ±lÄ±,117760.36,175.51032774539146
2025-07-07 11:21:11,ETHUSDT,2641.07,BEKLE,27.21,2521.86,2589.31,2761.4,37.81,24.48,19.85,23.52,-82.79,76.1,1h,NÃ¶tr,3777.02,0.0
2025-07-07 13:21:11,ETHUSDT,2097.82,SAT (ZayÄ±f),29.09,2003.72,2117.91,2177.79,-1.27,11.62,16.51,10.45,-68.04,52.15,15m,BaÅŸarÄ±sÄ±z,2296.8,-9.48
2025-07-07 15:21:11,SOLUSDT,252.93,BEKLE,41.93,244.16,255.48,260.15,-63.03,-73.91,81.26,90.77,-23.77,2.65,4h,NÃ¶tr,180.44,0.0
2025-07-07 17:21:11,BTCUSDT,49966.29,SAT,67.7,48061.79,49817.31,51184.21,-9.98,-3.03,85.54,95.01,-76.05,721.53,1h,BaÅŸarÄ±sÄ±z,117760.36,-135.67961519656552
2025-07-07 19:21:11,ETHUSDT,2020.29,AL (GÃ¼Ã§lÃ¼),40.44,1973.94,1990.41,2100.07,-41.98,-31.24,78.69,72.71,-63.42,27.29,15m,BaÅŸarÄ±sÄ±z,1871.82,-7.35
2025-07-07 21:21:11,BNBUSDT,465.99,BEKLE,43.24,446.18,468.81,483.28,-38.19,-23.97,22.13,15.73,-13.02,12.12,1h,NÃ¶tr,801.82,0.0
2025-07-07 23:21:11,ETHUSDT,2071.41,SAT (GÃ¼Ã§lÃ¼),31.14,1996.25,2068.4,2138.9,-28.75,-25.12,15.5,18.59,-13.94,30.9,4h,BaÅŸarÄ±sÄ±z,3777.02,-82.34053132890158
2025-07-08 01:21:11,BTCUSDT,44019.21,AL (GÃ¼Ã§lÃ¼),57.59,42407.66,44835.94,45368.16,-64.05,-78.93,69.84,63.04,-62.8,1427.96,4h,BaÅŸarÄ±sÄ±z,39909.03,-9.34
2025-07-08 03:21:11,ETHUSDT,2516.69,AL (GÃ¼Ã§lÃ¼),63.16,2431.92,2516.63,2612.95,17.66,22.21,28.96,33.3,-66.73,38.51,1h,BaÅŸarÄ±lÄ±,2729.46,8.45
2025-07-08 05:21:11,ETHUSDT,2628.73,AL (ZayÄ±f),20.3,2543.47,2610.78,2723.07,73.58,83.89,21.63,14.78,-42.45,61.66,4h,BaÅŸarÄ±sÄ±z,2517.25,-4.24
2025-07-08 07:21:11,ETHUSDT,2012.52,AL (GÃ¼Ã§lÃ¼),49.38,1927.1,2006.25,2095.38,22.96,13.52,62.72,61.43,-60.88,33.71,4h,BaÅŸarÄ±lÄ±,3777.02,87.67614731779064
2025-07-08 09:21:11,BTCUSDT,49862.7,AL (ZayÄ±f),20.12,47603.63,50009.82,50944.53,-70.87,-83.25,39.79,31.76,-40.11,831.55,4h,BaÅŸarÄ±lÄ±,117760.35,136.16922067998726
2025-07-08 11:21:11,SOLUSDT,705.1,SAT,70.11,689.39,710.31,730.88,-52.07,-66.83,67.07,67.87,-46.19,19.04,1h,BaÅŸarÄ±lÄ±,661.52,6.18
2025-07-08 13:21:11,XRPUSDT,846.57,SAT (ZayÄ±f),23.78,804.98,853.68,877.78,-23.08,-37.78,52.44,55.8,-35.33,27.03,4h,BaÅŸarÄ±sÄ±z,865.12,-2.19
2025-07-08 15:21:11,BTCUSDT,43468.7,SAT (ZayÄ±f),44.98,42186.0,42809.19,45185.53,-15.38,-28.15,41.72,32.15,-52.08,860.93,1h,BaÅŸarÄ±sÄ±z,117760.35,-170.90837775226774
2025-07-08 17:21:11,BNBUSDT,333.8,AL,46.14,324.64,337.14,343.74,-45.13,-30.5,30.39,21.24,-12.95,4.66,15m,BaÅŸarÄ±lÄ±,801.74,140.18573996405033
2025-07-08 19:21:11,BTCUSDT,40768.28,SAT (GÃ¼Ã§lÃ¼),69.45,38793.61,40511.28,41849.37,43.66,36.09,81.95,79.0,-63.84,1807.64,1h,BaÅŸarÄ±sÄ±z,117760.36,-188.8529023054198
2025-07-08 21:21:11,XRPUSDT,712.63,BEKLE,26.13,697.21,718.39,745.26,68.36,82.83,83.95,77.91,-32.31,31.31,15m,NÃ¶tr,3.1174,0.0
2025-07-08 23:21:11,XRPUSDT,661.94,BEKLE,36.43,645.54,671.75,680.08,-72.03,-70.86,66.13,64.23,-55.42,17.61,4h,NÃ¶tr,3.1174,0.0
2025-07-09 01:21:11,BTCUSDT,47638.0,BEKLE,20.52,46380.67,47972.65,49808.01,-2.17,-9.87,80.09,89.01,-84.19,993.84,15m,BaÅŸarÄ±sÄ±z,49125.51,-3.12
2025-07-09 03:21:11,ETHUSDT,2039.35,AL (ZayÄ±f),48.14,1944.01,2026.03,2098.33,-76.47,-71.98,33.98,31.91,-22.56,47.18,4h,BaÅŸarÄ±lÄ±,2187.58,7.27
2025-07-09 05:21:11,ETHUSDT,2315.32,SAT (GÃ¼Ã§lÃ¼),49.32,2207.99,2333.56,2390.06,-48.7,-66.81,21.89,29.99,-67.64,66.73,1h,BaÅŸarÄ±sÄ±z,3776.62,-63.11438591641758
2025-07-09 07:21:11,SOLUSDT,340.64,SAT,74.05,324.97,340.56,353.76,43.79,44.05,21.43,25.44,-57.67,7.31,1h,BaÅŸarÄ±lÄ±,308.96,9.3
2025-07-09 09:21:11,BTCUSDT,47572.63,SAT (ZayÄ±f),50.09,46543.93,48057.97,48684.57,-39.0,-43.86,76.3,73.31,-46.94,2042.71,15m,BaÅŸarÄ±lÄ±,45482.88,4.39
2025-07-09 11:21:11,SOLUSDT,547.04,AL (GÃ¼Ã§lÃ¼),40.71,533.93,536.81,570.82,-91.5,-75.82,10.04,17.16,-52.25,15.59,1h,BaÅŸarÄ±sÄ±z,180.42,-67.018865165253
2025-07-09 13:21:11,BNBUSDT,558.11,SAT (ZayÄ±f),45.44,531.25,556.65,577.78,-43.96,-55.21,36.41,46.02,-36.9,17.25,15m,BaÅŸarÄ±sÄ±z,801.68,-43.64193438569456
2025-07-09 15:21:11,BNBUSDT,479.46,BEKLE,47.62,462.84,478.11,492.6,-22.65,-33.83,35.55,38.2,-53.44,19.05,15m,BaÅŸarÄ±sÄ±z,519.21,-8.29
2025-07-09 17:21:11,BNBUSDT,779.83,SAT,56.23,755.13,781.11,809.18,58.13,63.84,49.38,55.48,-83.3,24.14,1h,BaÅŸarÄ±lÄ±,703.16,9.83
2025-07-09 19:21:11,BTCUSDT,45214.48,AL (ZayÄ±f),43.77,44291.43,45051.89,47014.04,60.1,65.27,81.14,89.34,-73.88,2182.95,15m,BaÅŸarÄ±lÄ±,117752.42,160.43077350441715
2025-07-09 21:21:11,ETHUSDT,2836.87,AL (GÃ¼Ã§lÃ¼),39.22,2773.88,2855.04,2927.0,-56.88,-51.47,61.69,59.74,-16.07,67.82,1h,BaÅŸarÄ±lÄ±,3776.14,33.10937758868048
2025-07-09 23:21:11,BNBUSDT,499.84,AL (GÃ¼Ã§lÃ¼),21.15,479.49,495.85,521.56,93.17,105.22,15.93,9.19,-24.59,7.74,15m,BaÅŸarÄ±lÄ±,538.04,7.64
2025-07-10 01:21:11,SOLUSDT,124.22,AL,61.15,119.29,125.79,128.24,-69.71,-65.35,30.71,21.13,-58.89,5.62,1h,BaÅŸarÄ±lÄ±,180.39,45.21816132667846
2025-07-10 03:21:11,SOLUSDT,163.96,BEKLE,20.08,159.55,165.13,171.9,4.78,13.59,27.04,34.09,-79.61,2.08,4h,BaÅŸarÄ±lÄ±,156.75,4.4
2025-07-10 05:21:11,BTCUSDT,42193.31,SAT,73.48,40447.84,42335.64,44157.94,-57.3,-71.7,78.99,86.11,-73.78,476.63,15m,BaÅŸarÄ±sÄ±z,43389.44,-2.83
2025-07-10 07:21:11,ETHUSDT,2258.4,SAT,46.35,2161.37,2237.95,2350.42,-6.82,-0.86,72.38,72.79,-25.8,35.88,15m,BaÅŸarÄ±sÄ±z,3776.14,-67.2042153737159
2025-07-10 09:21:11,BTCUSDT,48387.03,BEKLE,73.15,46921.48,47553.96,50773.21,74.76,90.42,41.35,36.24,-70.51,997.25,1h,BaÅŸarÄ±lÄ±,47192.09,2.47
2025-07-10 11:21:11,BNBUSDT,872.65,SAT (ZayÄ±f),31.88,849.21,872.77,913.27,-90.28,-99.96,20.83,12.43,-61.82,38.65,4h,BaÅŸarÄ±sÄ±z,918.76,-5.28
2025-07-10 13:21:11,ETHUSDT,2153.73,SAT,70.98,2048.68,2167.2,2259.32,37.03,48.9,59.04,52.58,-18.45,61.21,15m,BaÅŸarÄ±lÄ±,2064.24,4.15
2025-07-10 15:21:11,SOLUSDT,344.02,AL (ZayÄ±f),74.48,333.71,341.08,356.29,27.36,11.18,34.06,29.29,-13.79,8.8,15m,BaÅŸarÄ±sÄ±z,180.39,-47.56409511074938
2025-07-10 17:21:11,XRPUSDT,829.64,AL (ZayÄ±f),23.52,800.76,821.82,868.64,80.4,62.26,42.0,44.86,-88.79,9.15,1h,BaÅŸarÄ±sÄ±z,3.1164,-99.62436719541006
2025-07-10 19:21:11,BTCUSDT,41868.48,SAT (GÃ¼Ã§lÃ¼),78.76,40146.07,41496.73,43943.75,-75.3,-94.92,18.27,15.57,-40.57,1478.65,15m,BaÅŸarÄ±lÄ±,38288.02,8.55
2025-07-10 21:21:11,SOLUSDT,133.61,AL (ZayÄ±f),37.83,128.47,134.02,138.2,93.04,73.71,75.77,75.78,-39.6,4.15,4h,BaÅŸarÄ±lÄ±,140.87,5.43
2025-07-10 23:21:11,ETHUSDT,2632.91,SAT,60.64,2576.21,2672.58,2694.69,-38.19,-18.3,86.14,94.47,-31.05,39.43,4h,BaÅŸarÄ±lÄ±,2503.94,4.9
2025-07-11 01:21:11,XRPUSDT,820.73,AL,60.1,795.21,828.48,859.95,-18.75,-9.23,72.1,78.82,-56.78,31.51,4h,BaÅŸarÄ±sÄ±z,740.92,-9.73
2025-07-11 03:21:11,BTCUSDT,42425.35,BEKLE,61.66,40355.81,41648.57,44135.39,21.79,20.49,82.48,78.64,-76.74,951.39,1h,BaÅŸarÄ±sÄ±z,43941.83,-3.57
2025-07-11 05:21:11,BTCUSDT,46510.4,AL (ZayÄ±f),26.89,44841.71,46231.3,47541.63,28.1,26.15,11.77,7.84,-72.04,589.59,15m,BaÅŸarÄ±lÄ±,51014.53,9.68
2025-07-11 07:21:11,BNBUSDT,604.78,SAT (GÃ¼Ã§lÃ¼),23.25,580.32,601.53,627.6,50.35,62.95,51.74,43.4,-24.72,29.65,1h,BaÅŸarÄ±sÄ±z,801.59,-32.542412116802815
2025-07-11 09:21:11,SOLUSDT,427.66,BEKLE,21.78,415.76,430.21,448.55,-39.84,-40.55,75.6,74.84,-63.34,14.02,15m,BaÅŸarÄ±lÄ±,413.34,3.35
2025-07-11 11:21:11,ETHUSDT,2556.99,SAT (ZayÄ±f),78.21,2476.23,2605.76,2622.86,-52.31,-54.27,11.29,19.72,-78.99,119.63,1h,BaÅŸarÄ±lÄ±,2419.18,5.39
2025-07-11 13:21:11,XRPUSDT,188.67,BEKLE,64.61,180.01,185.31,196.19,-41.55,-53.54,73.85,69.79,-46.72,3.44,4h,NÃ¶tr,3.1164,0.0
2025-07-11 15:21:11,XRPUSDT,167.07,SAT (GÃ¼Ã§lÃ¼),44.95,159.15,164.43,173.51,59.99,42.17,81.12,87.06,-13.55,2.6,4h,BaÅŸarÄ±sÄ±z,182.01,-8.95
2025-07-11 17:21:11,BNBUSDT,687.83,AL,46.2,660.48,682.84,716.0,-76.93,-67.48,65.12,61.32,-15.98,34.23,15m,BaÅŸarÄ±lÄ±,801.64,16.54623962316269
2025-07-11 19:21:11,ETHUSDT,2064.17,SAT (ZayÄ±f),50.54,2015.3,2030.48,2138.36,-71.01,-60.99,53.03,48.64,-86.87,77.38,15m,BaÅŸarÄ±sÄ±z,3776.42,-82.9510166313821
2025-07-11 21:21:11,ETHUSDT,2017.61,AL (GÃ¼Ã§lÃ¼),55.41,1961.93,2003.41,2069.53,-17.9,-19.94,59.52,68.82,-28.98,93.71,4h,BaÅŸarÄ±lÄ±,3776.42,87.17294224354559
2025-07-11 23:21:11,BTCUSDT,41130.84,SAT,41.65,39289.33,41711.39,42272.13,-38.69,-58.34,66.1,65.15,-40.0,1844.84,4h,BaÅŸarÄ±lÄ±,37225.08,9.5
2025-07-12 01:21:11,BNBUSDT,928.64,SAT,43.45,883.83,911.02,961.23,-25.08,-9.25,10.59,1.46,-64.06,45.5,1h,BaÅŸarÄ±sÄ±z,998.69,-7.54
2025-07-12 03:21:11,XRPUSDT,772.42,AL (ZayÄ±f),67.15,754.77,763.29,792.17,-49.71,-64.58,87.89,84.38,-18.32,33.36,15m,BaÅŸarÄ±sÄ±z,748.3,-3.12
2025-07-12 05:21:11,ETHUSDT,2712.67,BEKLE,42.27,2622.09,2694.75,2840.27,71.69,81.05,63.59,64.98,-85.06,112.84,15m,BaÅŸarÄ±lÄ±,2535.57,6.53
2025-07-12 07:21:11,SOLUSDT,815.96,AL (ZayÄ±f),25.35,775.31,823.26,842.68,22.17,17.15,72.28,78.29,-89.22,34.52,1h,BaÅŸarÄ±lÄ±,882.87,8.2
2025-07-12 09:21:11,ETHUSDT,2403.66,SAT (ZayÄ±f),36.5,2312.54,2429.23,2451.86,76.69,88.2,56.8,53.5,-69.28,62.19,15m,BaÅŸarÄ±lÄ±,2267.81,5.65
2025-07-12 11:21:11,SOLUSDT,469.98,SAT (GÃ¼Ã§lÃ¼),45.78,455.96,468.82,485.91,-30.32,-47.79,86.69,95.21,-85.98,12.99,4h,BaÅŸarÄ±lÄ±,180.42,61.61113238861229
2025-07-12 13:21:11,XRPUSDT,515.03,SAT,35.74,495.01,508.32,529.19,12.99,29.46,49.95,52.06,-63.39,8.47,4h,BaÅŸarÄ±lÄ±,488.43,5.16
2025-07-12 15:21:11,BTCUSDT,47861.7,SAT (ZayÄ±f),57.38,45830.9,47271.03,49211.14,3.46,6.64,11.46,11.17,-12.14,962.41,1h,BaÅŸarÄ±sÄ±z,52402.27,-9.49
2025-07-12 17:21:11,XRPUSDT,253.56,SAT,47.39,241.47,250.14,260.0,-99.97,-98.67,36.96,32.56,-58.98,2.67,15m,BaÅŸarÄ±sÄ±z,264.59,-4.35
2025-07-12 19:21:11,SOLUSDT,227.96,AL,25.08,217.85,231.04,238.57,14.21,7.13,72.76,63.66,-42.38,6.37,1h,BaÅŸarÄ±lÄ±,236.48,3.74
2025-07-12 21:21:11,ETHUSDT,2494.51,AL (GÃ¼Ã§lÃ¼),78.85,2392.85,2467.8,2553.69,-74.25,-70.49,73.22,81.2,-82.51,41.06,4h,BaÅŸarÄ±sÄ±z,2440.21,-2.18
2025-07-12 23:21:11,SOLUSDT,687.92,BEKLE,25.99,661.33,700.73,719.06,13.34,17.63,46.64,47.35,-46.99,31.95,4h,BaÅŸarÄ±sÄ±z,730.95,-6.26
2025-07-13 01:21:11,ETHUSDT,2668.26,SAT,57.65,2561.53,2671.97,2764.75,-37.76,-27.98,27.15,17.92,-80.1,65.14,15m,BaÅŸarÄ±sÄ±z,3776.42,-41.53118511689265
2025-07-13 03:21:11,SOLUSDT,377.21,SAT (ZayÄ±f),49.72,364.29,376.83,395.42,-4.88,-5.13,18.7,27.69,-41.43,7.39,15m,BaÅŸarÄ±sÄ±z,405.85,-7.59
2025-07-13 05:21:11,BNBUSDT,661.89,SAT (ZayÄ±f),62.18,632.44,669.67,677.46,-40.74,-33.65,81.34,90.63,-63.58,25.82,1h,BaÅŸarÄ±sÄ±z,801.74,-21.12888848600221
2025-07-13 07:21:11,ETHUSDT,2473.9,SAT (GÃ¼Ã§lÃ¼),37.64,2354.93,2428.82,2541.21,36.07,49.85,61.69,53.22,-68.37,81.05,15m,BaÅŸarÄ±sÄ±z,2711.83,-9.62
2025-07-13 09:21:11,XRPUSDT,989.65,AL (GÃ¼Ã§lÃ¼),26.05,956.12,1002.48,1019.43,-55.76,-53.38,69.11,75.59,-52.38,11.34,4h,BaÅŸarÄ±sÄ±z,3.1169,-99.68505027029758
2025-07-13 11:21:11,ETHUSDT,2848.89,AL,35.21,2726.14,2857.78,2984.0,-49.54,-64.09,23.19,20.04,-48.31,139.03,4h,BaÅŸarÄ±sÄ±z,2653.36,-6.86
2025-07-13 13:21:11,ETHUSDT,2113.75,BEKLE,29.88,2012.92,2148.7,2185.73,-51.07,-63.08,86.37,80.19,-29.94,51.06,15m,NÃ¶tr,3776.61,0.0
2025-07-13 15:21:11,ETHUSDT,2870.15,SAT (ZayÄ±f),61.54,2811.23,2857.13,2957.8,-49.44,-64.99,35.05,27.38,-58.39,57.77,15m,BaÅŸarÄ±sÄ±z,3073.13,-7.07
2025-07-13 17:21:11,XRPUSDT,696.91,SAT (GÃ¼Ã§lÃ¼),57.88,664.31,686.98,727.82,5.42,-1.96,59.32,58.91,-23.87,17.75,15m,BaÅŸarÄ±lÄ±,639.11,8.29
2025-07-13 19:21:11,BNBUSDT,798.65,AL (GÃ¼Ã§lÃ¼),23.37,765.59,795.98,831.45,-35.76,-30.59,44.75,45.08,-35.72,14.24,1h,BaÅŸarÄ±lÄ±,835.74,4.64
2025-07-13 21:21:11,SOLUSDT,183.72,SAT,22.55,179.77,184.29,190.57,-28.22,-41.43,67.77,68.54,-81.89,2.72,1h,BaÅŸarÄ±lÄ±,166.3,9.48
2025-07-13 23:21:11,BTCUSDT,41838.14,BEKLE,69.11,40923.08,41989.43,43484.81,16.88,12.14,76.25,69.5,-18.99,1250.12,4h,NÃ¶tr,117752.42,0.0
2025-07-14 01:21:11,BTCUSDT,43057.24,SAT (GÃ¼Ã§lÃ¼),26.45,41250.27,42586.56,44715.86,67.14,84.06,66.65,62.4,-39.75,1856.52,4h,BaÅŸarÄ±lÄ±,41894.32,2.7
2025-07-14 03:21:11,XRPUSDT,940.03,SAT (GÃ¼Ã§lÃ¼),35.31,910.29,944.34,979.83,-28.96,-44.72,76.83,85.29,-24.51,29.95,15m,BaÅŸarÄ±lÄ±,3.1174,99.66837228599088
2025-07-14 05:21:11,BTCUSDT,45758.22,SAT,61.78,43549.09,46612.19,47803.56,64.08,47.76,40.44,47.84,-77.26,1833.85,15m,BaÅŸarÄ±sÄ±z,117752.42,-157.33610267182593
2025-07-14 07:21:11,BTCUSDT,47180.55,BEKLE,62.31,45044.35,47030.14,48952.01,34.99,18.69,74.11,68.33,-68.87,1092.86,4h,BaÅŸarÄ±lÄ±,46096.98,2.3
2025-07-14 09:21:11,SOLUSDT,808.61,AL,56.54,772.75,802.17,831.46,-56.68,-41.58,46.92,56.45,-67.24,36.86,4h,BaÅŸarÄ±sÄ±z,180.46,-77.68269004835457
2025-07-14 11:21:11,BTCUSDT,43849.34,AL,67.59,42917.35,44452.59,45117.41,-41.47,-51.85,66.41,75.38,-71.14,1430.53,1h,BaÅŸarÄ±sÄ±z,40682.24,-7.22
2025-07-14 13:21:11,BTCUSDT,45445.5,AL (GÃ¼Ã§lÃ¼),68.32,43638.21,45387.06,47567.52,91.25,87.72,87.54,94.75,-77.15,959.66,4h,BaÅŸarÄ±sÄ±z,43461.35,-4.37
2025-07-14 15:21:11,BTCUSDT,47928.94,SAT (GÃ¼Ã§lÃ¼),40.55,46293.17,47206.33,49319.61,-1.59,-10.08,79.5,80.0,-29.16,1836.55,15m,BaÅŸarÄ±lÄ±,46326.46,3.34
2025-07-14 17:21:11,ETHUSDT,2268.56,AL (ZayÄ±f),70.47,2164.6,2276.43,2342.19,61.82,44.96,69.33,78.59,-42.46,64.36,15m,BaÅŸarÄ±sÄ±z,2202.89,-2.89
2025-07-14 19:21:11,BTCUSDT,42373.59,SAT,22.63,41037.77,41996.61,43830.32,-31.99,-32.69,60.9,56.1,-32.06,1020.53,1h,BaÅŸarÄ±sÄ±z,117752.41,-177.89104015024455
2025-07-14 21:21:11,XRPUSDT,516.99,SAT,27.65,499.38,517.57,539.62,-18.0,-27.56,14.69,11.2,-82.68,5.44,15m,BaÅŸarÄ±sÄ±z,548.48,-6.09
2025-07-14 23:21:11,BTCUSDT,49711.03,BEKLE,66.91,48666.69,49201.65,50934.84,14.75,13.15,28.54,34.66,-66.66,1497.5,1h,BaÅŸarÄ±lÄ±,45125.24,9.22
2025-07-15 01:21:11,ETHUSDT,2018.21,AL (ZayÄ±f),76.96,1966.6,2049.91,2060.79,-0.08,4.93,25.96,22.95,-15.07,57.55,4h,BaÅŸarÄ±lÄ±,3776.77,87.1346391108953
2025-07-15 03:21:11,BNBUSDT,578.3,AL (ZayÄ±f),26.74,560.76,588.79,594.6,-4.25,-13.18,59.82,63.96,-70.93,18.35,1h,BaÅŸarÄ±lÄ±,801.81,38.64948988414318
2025-07-15 05:21:11,SOLUSDT,773.06,BEKLE,36.78,747.99,774.83,802.7,-71.31,-86.56,70.0,64.65,-87.32,24.95,4h,BaÅŸarÄ±lÄ±,737.19,4.64
2025-07-15 07:21:11,ETHUSDT,2171.28,SAT,25.81,2064.78,2177.24,2261.53,-25.47,-13.69,43.36,39.72,-47.48,64.2,1h,BaÅŸarÄ±sÄ±z,3776.77,-73.94209866990897
2025-07-15 09:21:11,BNBUSDT,130.71,AL,65.64,125.25,131.73,135.24,-21.08,-26.43,38.38,44.61,-57.61,3.41,4h,BaÅŸarÄ±lÄ±,801.81,513.4266697268762
2025-07-15 11:21:11,SOLUSDT,847.52,SAT (GÃ¼Ã§lÃ¼),55.75,821.08,848.09,886.18,-74.88,-71.46,52.95,55.69,-82.1,8.69,1h,BaÅŸarÄ±sÄ±z,914.82,-7.94
2025-07-15 13:21:11,SOLUSDT,948.45,SAT (GÃ¼Ã§lÃ¼),54.16,901.87,966.5,977.16,-30.4,-41.42,39.34,33.49,-78.44,13.58,15m,BaÅŸarÄ±sÄ±z,1006.38,-6.11
2025-07-15 15:21:11,BTCUSDT,45546.34,BEKLE,20.12,43809.95,44724.22,47702.43,-26.92,-33.59,72.4,63.52,-48.01,805.94,4h,NÃ¶tr,117752.41,0.0
2025-07-15 17:21:11,BNBUSDT,637.02,SAT,31.54,621.2,639.67,665.88,28.96,28.18,24.78,26.63,-55.37,22.56,4h,BaÅŸarÄ±sÄ±z,666.98,-4.7
2025-07-15 19:21:11,BTCUSDT,43974.42,SAT (GÃ¼Ã§lÃ¼),60.93,41778.1,44493.78,45702.2,-59.27,-49.15,31.02,40.95,-22.02,1974.01,15m,BaÅŸarÄ±sÄ±z,45164.07,-2.71
2025-07-15 21:21:11,SOLUSDT,110.19,SAT (ZayÄ±f),21.64,105.31,111.73,115.47,80.99,76.37,88.0,96.71,-42.6,1.25,1h,BaÅŸarÄ±sÄ±z,112.44,-2.04
2025-07-15 23:21:11,BNBUSDT,157.06,SAT (ZayÄ±f),26.97,152.19,155.85,164.12,-66.95,-48.65,42.47,46.49,-39.57,6.28,4h,BaÅŸarÄ±sÄ±z,167.63,-6.72
2025-07-16 01:21:11,ETHUSDT,2747.09,AL (ZayÄ±f),64.57,2651.42,2693.47,2806.19,-93.5,-108.09,51.66,55.11,-11.75,97.27,1h,BaÅŸarÄ±lÄ±,2839.23,3.35
2025-07-16 03:21:11,ETHUSDT,2840.76,SAT (ZayÄ±f),59.34,2719.7,2851.59,2943.6,-70.83,-78.4,50.56,48.96,-49.29,43.84,15m,BaÅŸarÄ±sÄ±z,3776.77,-32.94928117827622
2025-07-16 05:21:11,XRPUSDT,940.11,AL,69.68,919.08,954.98,971.96,-35.04,-38.39,66.5,64.76,-46.83,44.44,1h,BaÅŸarÄ±lÄ±,992.04,5.52
2025-07-16 07:21:11,BNBUSDT,382.07,AL (ZayÄ±f),54.23,371.29,375.53,390.75,53.33,43.76,89.45,85.39,-16.83,4.86,4h,BaÅŸarÄ±sÄ±z,344.48,-9.84
2025-07-16 09:21:11,SOLUSDT,890.1,AL (GÃ¼Ã§lÃ¼),63.42,849.85,877.74,917.35,31.28,19.93,41.68,32.18,-43.33,30.36,15m,BaÅŸarÄ±sÄ±z,839.71,-5.66
2025-07-16 11:21:11,XRPUSDT,100.28,SAT (ZayÄ±f),49.56,97.39,99.68,105.1,67.34,61.01,71.88,79.92,-64.72,2.55,4h,BaÅŸarÄ±lÄ±,3.1173,96.8914040686079
2025-07-16 13:21:11,ETHUSDT,2612.39,SAT (GÃ¼Ã§lÃ¼),48.28,2543.02,2634.44,2679.59,80.13,79.32,32.71,35.32,-15.94,102.09,1h,BaÅŸarÄ±sÄ±z,2734.46,-4.67
2025-07-16 15:21:11,XRPUSDT,279.53,AL,50.33,268.54,281.42,285.62,87.51,71.7,37.9,39.95,-17.8,7.8,4h,BaÅŸarÄ±sÄ±z,3.1173,-98.88480663971669
2025-07-16 17:21:11,BNBUSDT,881.76,SAT,49.35,840.51,865.25,917.28,-20.93,-39.38,56.09,51.25,-80.11,9.95,4h,BaÅŸarÄ±lÄ±,824.79,6.46
2025-07-30 03:25:10,ETHUSDT,3776.77,SAT,48.78,3748.2703,3774.4615,3800.6527,9.1733,4.6134,48.27,69.92,-51.73,15.2536,15m,BaÅŸarÄ±sÄ±z,3777.92,-0.0304492992689544
2025-07-30 03:42:16,ETHUSDT,3766.44,SAT,45.04,3747.6583,3774.0185,3800.3787,9.0558,5.4805,18.2,43.76,-81.8,15.3979,15m,BaÅŸarÄ±sÄ±z,3779.01,-0.3337368974416203
2025-07-30 03:47:16,ETHUSDT,3760.71,SAT,42.98,3747.0429,3773.787,3800.5311,7.6641,6.1991,2.89,19.95,-97.11,15.025,15m,BaÅŸarÄ±sÄ±z,3768.5,-0.2071417365337918
2025-07-30 03:49:38,BTCUSDT,117551.16,SAT,45.58,117152.4701,117615.6455,118078.8209,147.4804,42.4102,39.35,52.35,-60.65,194.8271,15m,BaÅŸarÄ±lÄ±,117441.1,0.0936273193731118
2025-07-30 03:49:41,BNBUSDT,797.73,SAT,33.46,798.4252,803.119,807.8128,-0.3821,-1.4195,12.39,16.29,-87.61,3.6679,15m,BaÅŸarÄ±sÄ±z,801.41,-0.4613089641858711
2025-07-30 03:49:45,AVAXUSDT,24.08,SAT,40.6,23.9853,24.2205,24.4557,0.0575,0.0295,0.0,24.74,-100.0,0.14,15m,BaÅŸarÄ±lÄ±,24.06,0.0830564784053138
2025-07-30 04:01:52,AVAXUSDT,24.22,SAT,46.82,24.0537,24.241,24.4283,0.069,0.0433,36.84,34.09,-63.16,0.1364,15m,BaÅŸarÄ±lÄ±,24.08,0.5780346820809272
2025-07-30 04:02:07,BTCUSDT,117758.52,SAT,50.88,117220.7091,117651.8365,118082.9639,178.573,73.6146,66.95,61.75,-33.05,195.9286,15m,BaÅŸarÄ±lÄ±,117565.35,0.164039086089056
2025-07-30 04:07:51,BTCUSDT,117767.49,SAT,51.12,117220.6962,117652.285,118083.8738,178.9755,73.6593,68.17,62.16,-31.83,198.42,15m,BaÅŸarÄ±lÄ±,117565.35,0.1716432947666621
2025-07-30 04:09:51,BTCUSDT,117762.47,SAT,50.99,117220.7077,117652.034,118083.3603,178.7503,73.6343,67.49,61.93,-32.51,198.42,15m,BaÅŸarÄ±lÄ±,117565.35,0.1673877934115982
2025-07-30 04:10:05,BTCUSDT,117727.56,SAT,50.06,117220.4842,117650.2885,118080.0928,177.1838,73.4602,62.71,60.34,-37.29,199.6493,15m,BaÅŸarÄ±lÄ±,117565.35,0.1377842197697734
2025-07-30 04:15:23,BTCUSDT,117772.0,SAT,51.27,117230.3153,117662.7645,118095.2137,175.5897,99.5451,57.85,63.81,-42.15,172.3243,15m,BaÅŸarÄ±lÄ±,117565.35,0.1754661549434451
2025-07-30 04:18:47,BTCUSDT,117530.15,SAT,45.06,117217.592,117650.672,118083.752,164.7374,98.3393,13.15,48.9,-86.85,189.2179,15m,BaÅŸarÄ±sÄ±z,117565.35,-0.0299497618270815
2025-07-30 04:24:32,BTCUSDT,117585.18,SAT,46.34,117222.7488,117653.4235,118084.0982,167.2067,98.6137,29.39,54.32,-70.61,197.6193,15m,BaÅŸarÄ±lÄ±,117543.63,0.0353360857209967
2025-07-30 04:29:41,BTCUSDT,117543.64,SAT,45.37,117218.978,117651.3465,118083.715,165.3428,98.4066,22.32,51.96,-77.68,197.6193,15m,BaÅŸarÄ±sÄ±z,117726.07,-0.1552019318101835
2025-07-30 04:35:36,BTCUSDT,117726.07,SAT,50.26,117296.3761,117678.136,118059.8959,166.422,120.7392,53.37,49.15,-46.63,191.5771,15m,BaÅŸarÄ±sÄ±z,117834.02,-0.0916959174802973
2025-07-30 04:40:50,BTCUSDT,117834.02,SAT,52.83,117296.2038,117683.533,118070.8622,171.2654,121.2774,71.74,55.27,-28.26,199.7071,15m,BaÅŸarÄ±sÄ±z,117979.78,-0.1236994205917737
2025-07-30 04:47:02,BTCUSDT,117979.78,SAT,56.06,117306.0957,117709.1005,118112.1053,164.4235,137.7649,96.56,67.37,-3.44,190.1257,15m,BaÅŸarÄ±lÄ±,117880.69,0.0839889682791377
2025-07-30 04:52:55,BTCUSDT,117880.68,SAT,53.86,117312.293,117704.145,118095.997,159.9763,137.2708,77.99,61.18,-22.01,192.4821,15m,BaÅŸarÄ±lÄ±,117875.07,0.004759049574524
2025-07-30 05:03:24,BTCUSDT,117875.07,BEKLE,53.68,117347.7285,117725.0155,118102.3025,150.2772,147.9836,77.06,77.16,-22.94,193.8229,15m,NÃ¶tr,117848.14,0.0
2025-07-30 05:08:28,BTCUSDT,117848.14,BEKLE,52.96,117348.3467,117723.669,118098.9913,149.0688,147.8493,72.57,75.67,-27.43,198.53,15m,NÃ¶tr,118118.99,0.0
2025-07-30 05:16:06,BTCUSDT,118118.99,SAT,59.06,117374.9844,117774.3625,118173.7406,152.3179,156.5753,100.0,91.14,-0.0,205.6714,15m,BaÅŸarÄ±lÄ±,117920.55,0.1680000819512614
1753841891482,BTCUSDT,118049.51,SAT,117382.5045,117770.8885,118159.2725,149.2003,156.2289,90.16,87.86,-9.84,208.6807,ðŸ“Š GeliÅŸmiÅŸ Teknik (%67 gÃ¼ven),15m,BaÅŸarÄ±lÄ±,117920.54,0.109250771138314
1753841891923,ETHUSDT,3809.38,SAT,3757.6289,3784.4755,3811.3221,8.0752,8.5203,88.58,83.79,-11.42,17.7686,ðŸ“Š GeliÅŸmiÅŸ Teknik (%67 gÃ¼ven),15m,BaÅŸarÄ±lÄ±,3805.01,0.1147168305603507
1753841893060,XRPUSDT,3.141,SAT,3.1034,3.1236,3.1439,0.0053,0.0029,91.57,86.57,-8.43,0.0159,ðŸ“Š GeliÅŸmiÅŸ Teknik (%67 gÃ¼ven),15m,BaÅŸarÄ±lÄ±,3.128,0.4138809296402388
1753841893500,ADAUSDT,0.7887,SAT,0.775,0.7817,0.7885,0.0025,0.0022,93.21,91.25,-6.79,0.0044,ðŸ“Š GeliÅŸmiÅŸ Teknik (%67 gÃ¼ven),15m,BaÅŸarÄ±lÄ±,0.7862,0.3169773044249964
1753841893935,DOTUSDT,3.912,SAT,3.8533,3.8867,3.9201,0.0078,0.0095,89.41,88.14,-10.59,0.0242,ðŸ“Š GeliÅŸmiÅŸ Teknik (%67 gÃ¼ven),15m,BaÅŸarÄ±lÄ±,3.899,0.3323108384458052
1753841894378,AVAXUSDT,24.46,SAT,24.0919,24.293,24.4941,0.0412,0.0604,90.0,89.85,-10.0,0.1429,ðŸ“Š GeliÅŸmiÅŸ Teknik (%67 gÃ¼ven),15m,BaÅŸarÄ±lÄ±,24.39,0.2861815208503691
1753841895165,LINKUSDT,17.91,SAT,17.6613,17.794,17.9267,0.0359,0.0394,87.88,84.5,-12.12,0.1036,ðŸ“Š GeliÅŸmiÅŸ Teknik (%67 gÃ¼ven),15m,BaÅŸarÄ±lÄ±,17.84,0.3908431044109451
1753841895955,SHIBUSDT,1.315e-05,SAT,0.0,0.0,0.0,0.0,0.0,84.62,84.79,-15.38,0.0,ðŸ“Š GeliÅŸmiÅŸ Teknik (%67 gÃ¼ven),15m,BaÅŸarÄ±lÄ±,1.311e-05,0.3041825095057005
1753841896736,BCHUSDT,572.4,AL,559.4588,565.05,570.6412,1.7923,0.4335,96.46,91.41,-3.54,2.4786,ðŸ“Š GeliÅŸmiÅŸ Teknik (%67 gÃ¼ven),15m,BaÅŸarÄ±sÄ±z,568.3,-0.716282320055909
1753841897179,UNIUSDT,10.44,SAT,10.1332,10.2793,10.4255,0.045,0.0307,89.94,86.58,-10.06,0.0856,ðŸ“Š GeliÅŸmiÅŸ Teknik (%67 gÃ¼ven),15m,BaÅŸarÄ±lÄ±,10.426,0.1340996168582313
1753841897978,NEARUSDT,2.73,SAT,2.6806,2.7102,2.7399,0.0044,0.0085,90.91,86.75,-9.09,0.0203,ðŸ“Š GeliÅŸmiÅŸ Teknik (%67 gÃ¼ven),15m,BaÅŸarÄ±lÄ±,2.717,0.4761904761904726
1753841899107,VETUSDT,0.02533,SAT,0.0249,0.0251,0.0254,0.0001,0.0001,83.33,78.79,-16.67,0.0002,ðŸ“Š GeliÅŸmiÅŸ Teknik (%67 gÃ¼ven),15m,BaÅŸarÄ±lÄ±,0.0252,0.5132254243979399
1753841899545,ICPUSDT,5.474,SAT,5.3848,5.4346,5.4844,0.0084,0.0103,90.16,88.08,-9.84,0.0343,ðŸ“Š GeliÅŸmiÅŸ Teknik (%67 gÃ¼ven),15m,BaÅŸarÄ±lÄ±,5.447,0.4932407745707002
1753841899990,FILUSDT,2.58,SAT,2.5379,2.5607,2.5835,0.008,0.0083,87.93,86.95,-12.07,0.0166,ðŸ“Š GeliÅŸmiÅŸ Teknik (%67 gÃ¼ven),15m,BaÅŸarÄ±lÄ±,2.568,0.4651162790697679
1753841900425,TRXUSDT,0.3385,AL,0.3353,0.3372,0.3391,0.0011,0.0009,96.3,83.29,-3.7,0.001,ðŸ“Š GeliÅŸmiÅŸ Teknik (%67 gÃ¼ven),15m,BaÅŸarÄ±lÄ±,0.3396,0.3249630723781359
1753841911228,BTCUSDT,118064.67,SAT,117381.0375,117771.6465,118162.2555,149.8805,156.3044,92.31,88.57,-7.69,208.6807,ðŸ“Š GeliÅŸmiÅŸ Teknik (%67 gÃ¼ven),15m,BaÅŸarÄ±lÄ±,117915.0,0.1267695069151493
1753841911792,ETHUSDT,3808.78,SAT,3757.7092,3784.4455,3811.1818,8.0483,8.5173,87.59,83.46,-12.41,17.7686,ðŸ“Š GeliÅŸmiÅŸ Teknik (%67 gÃ¼ven),15m,BaÅŸarÄ±lÄ±,3803.94,0.1270748113569212
1753841912348,BNBUSDT,810.42,SAT (ZayÄ±f),799.3516,805.031,810.7104,0.948,0.4189,92.15,93.99,-7.85,3.6686,Klasik Strateji,15m,BaÅŸarÄ±lÄ±,808.21,0.2726981071543055
1753841912928,SOLUSDT,182.0,SAT,179.4792,180.9845,182.4898,0.0794,0.1044,89.61,89.4,-10.39,0.9414,ðŸ§  AI Tahmin (GÃ¼ven: %100.0),15m,BaÅŸarÄ±lÄ±,181.44,0.3076923076923089
1753841913470,XRPUSDT,3.1397,SAT,3.1035,3.1236,3.1436,0.0052,0.0029,89.08,85.74,-10.92,0.0159,ðŸ“Š GeliÅŸmiÅŸ Teknik (%67 gÃ¼ven),15m,BaÅŸarÄ±lÄ±,3.1266,0.4172373156671055
1753841914028,ADAUSDT,0.7883,SAT,0.775,0.7817,0.7884,0.0025,0.0021,90.74,90.42,-9.26,0.0044,ðŸ“Š GeliÅŸmiÅŸ Teknik (%67 gÃ¼ven),15m,BaÅŸarÄ±lÄ±,0.7858,0.3171381453761191
1753841914573,DOTUSDT,3.912,SAT,3.8533,3.8867,3.9201,0.0078,0.0095,89.41,88.14,-10.59,0.0242,ðŸ“Š GeliÅŸmiÅŸ Teknik (%67 gÃ¼ven),15m,BaÅŸarÄ±lÄ±,3.897,0.3834355828220891
1753841915130,AVAXUSDT,24.44,SAT,24.0941,24.292,24.4899,0.0403,0.0603,86.0,88.52,-14.0,0.1429,ðŸ“Š GeliÅŸmiÅŸ Teknik (%67 gÃ¼ven),15m,BaÅŸarÄ±lÄ±,24.36,0.3273322422258668
1753841915704,MATICUSDT,0.3794,SAT,0.3776,0.3811,0.3846,-0.0018,-0.001,33.33,27.78,-66.67,0.0013,ðŸ§  AI Tahmin (GÃ¼ven: %100.0),15m,BaÅŸarÄ±sÄ±z,0.3794,0.0
1753841916259,LINKUSDT,17.9,SAT,17.6625,17.7935,17.9245,0.0354,0.0394,84.85,83.49,-15.15,0.1036,ðŸ“Š GeliÅŸmiÅŸ Teknik (%67 gÃ¼ven),15m,BaÅŸarÄ±lÄ±,17.84,0.3351955307262498
1753841917198,DOGEUSDT,0.22553,SAT (ZayÄ±f),0.2211,0.2234,0.2258,0.001,0.0009,81.32,86.25,-18.68,0.0015,Klasik Strateji,15m,BaÅŸarÄ±lÄ±,0.22456,0.4300979913980395
1753841917647,SHIBUSDT,1.314e-05,SAT,0.0,0.0,0.0,0.0,0.0,80.77,83.51,-19.23,0.0,ðŸ“Š GeliÅŸmiÅŸ Teknik (%67 gÃ¼ven),15m,BaÅŸarÄ±lÄ±,1.31e-05,0.3044140030441371
1753841918094,LTCUSDT,109.32,SAT (ZayÄ±f),107.4229,108.422,109.4211,0.1603,0.0872,87.19,90.76,-12.81,0.5879,Klasik Strateji,15m,BaÅŸarÄ±lÄ±,109.01,0.2835711672155032
1753841918531,BCHUSDT,572.0,AL,559.5422,565.03,570.5178,1.7744,0.4316,92.92,90.23,-7.08,2.4786,ðŸ“Š GeliÅŸmiÅŸ Teknik (%67 gÃ¼ven),15m,BaÅŸarÄ±sÄ±z,568.1,-0.6818181818181779
1753841919441,UNIUSDT,10.432,SAT,10.1345,10.2789,10.4234,0.0446,0.0307,87.5,85.77,-12.5,0.0859,ðŸ“Š GeliÅŸmiÅŸ Teknik (%67 gÃ¼ven),15m,BaÅŸarÄ±lÄ±,10.411,0.2013036809816027
1753841919920,ATOMUSDT,4.592,SAT,4.54,4.585,4.63,0.0005,0.0092,69.23,66.67,-30.77,0.0287,ðŸ§  AI Tahmin (GÃ¼ven: %100.0),15m,BaÅŸarÄ±lÄ±,4.57,0.4790940766550381
1753841920389,NEARUSDT,2.728,SAT,2.6808,2.7102,2.7395,0.0043,0.0085,87.88,85.74,-12.12,0.0204,ðŸ“Š GeliÅŸmiÅŸ Teknik (%67 gÃ¼ven),15m,BaÅŸarÄ±lÄ±,2.715,0.4765395894428278
1753841920833,FTMUSDT,0.6994,BEKLE,0.6917,0.7004,0.7092,0.0024,-0.0,44.55,52.44,-55.45,0.0053,Klasik Strateji,15m,NÃ¶tr,0.6994,0.0
1753841921291,ALGOUSDT,0.262,SAT,0.2575,0.2599,0.2623,0.0007,0.0007,86.57,89.24,-13.43,0.0017,ðŸ§  AI Tahmin (GÃ¼ven: %100.0),15m,BaÅŸarÄ±lÄ±,0.2606,0.5343511450381726
1753841921749,VETUSDT,0.02531,SAT,0.0249,0.0251,0.0254,0.0001,0.0001,80.3,77.78,-19.7,0.0002,ðŸ“Š GeliÅŸmiÅŸ Teknik (%67 gÃ¼ven),15m,BaÅŸarÄ±lÄ±,0.02517,0.553141050967988
1753841922185,ICPUSDT,5.471,SAT,5.3851,5.4344,5.4838,0.0083,0.0103,87.7,87.26,-12.3,0.0343,ðŸ“Š GeliÅŸmiÅŸ Teknik (%67 gÃ¼ven),15m,BaÅŸarÄ±lÄ±,5.443,0.5117894352038104
1753841922630,FILUSDT,2.577,SAT,2.5382,2.5606,2.5829,0.0078,0.0083,82.76,85.23,-17.24,0.0166,ðŸ“Š GeliÅŸmiÅŸ Teknik (%67 gÃ¼ven),15m,BaÅŸarÄ±lÄ±,2.567,0.3880481179666196
1753841923064,TRXUSDT,0.3385,AL,0.3353,0.3372,0.3391,0.0011,0.0009,96.3,83.29,-3.7,0.001,ðŸ“Š GeliÅŸmiÅŸ Teknik (%67 gÃ¼ven),15m,BaÅŸarÄ±lÄ±,0.3395,0.2954209748892173
1753841923540,ETCUSDT,21.91,SAT (ZayÄ±f),21.5216,21.7165,21.9114,0.0092,0.0036,94.23,88.99,-5.77,0.1243,Klasik Strateji,15m,BaÅŸarÄ±lÄ±,21.82,0.4107713372889084
1753841962713,BTCUSDT,118021.88,SAT,117384.919,117769.507,118154.095,147.9604,156.0911,86.25,86.55,-13.75,210.6543,ðŸ“Š GeliÅŸmiÅŸ Teknik (%67 gÃ¼ven),15m,BaÅŸarÄ±lÄ±,117888.78,0.1127756988788907
1753841963151,ETHUSDT,3806.84,SAT,3757.9541,3784.3485,3810.7429,7.9612,8.5076,84.37,82.39,-15.63,17.9464,ðŸ“Š GeliÅŸmiÅŸ Teknik (%67 gÃ¼ven),15m,BaÅŸarÄ±lÄ±,3802.4,0.1166321673619078
1753841963618,BNBUSDT,810.41,SAT (ZayÄ±f),799.353,805.0305,810.708,0.9476,0.4188,92.08,93.97,-7.92,3.6686,Klasik Strateji,15m,BaÅŸarÄ±lÄ±,807.94,0.304783998223111
1753841964069,SOLUSDT,181.91,SAT,179.4864,180.98,182.4736,0.0753,0.1039,87.08,88.56,-12.92,0.9564,ðŸ§  AI Tahmin (GÃ¼ven: %100.0),15m,BaÅŸarÄ±lÄ±,181.36,0.3023473146061145
1753841964518,XRPUSDT,3.1386,SAT,3.1036,3.1235,3.1434,0.0052,0.0029,86.97,85.04,-13.03,0.016,ðŸ“Š GeliÅŸmiÅŸ Teknik (%67 gÃ¼ven),15m,BaÅŸarÄ±lÄ±,3.1258,0.407825144969092
1753841964968,ADAUSDT,0.7881,SAT,0.775,0.7817,0.7884,0.0025,0.0021,89.51,90.01,-10.49,0.0044,ðŸ“Š GeliÅŸmiÅŸ Teknik (%67 gÃ¼ven),15m,BaÅŸarÄ±lÄ±,0.7856,0.3172186270777893
1753841965404,DOTUSDT,3.911,SAT,3.8534,3.8867,3.9199,0.0078,0.0095,88.24,87.75,-11.76,0.0244,ðŸ“Š GeliÅŸmiÅŸ Teknik (%67 gÃ¼ven),15m,BaÅŸarÄ±lÄ±,3.895,0.4091025313219129
1753841965838,AVAXUSDT,24.44,SAT,24.0941,24.292,24.4899,0.0403,0.0603,86.0,88.52,-14.0,0.1429,ðŸ“Š GeliÅŸmiÅŸ Teknik (%67 gÃ¼ven),15m,BaÅŸarÄ±lÄ±,24.36,0.3273322422258668
1753841966292,MATICUSDT,0.3794,SAT,0.3776,0.3811,0.3846,-0.0018,-0.001,33.33,27.78,-66.67,0.0013,ðŸ§  AI Tahmin (GÃ¼ven: %100.0),15m,BaÅŸarÄ±sÄ±z,0.3794,0.0
1753841966731,LINKUSDT,17.9,SAT,17.6625,17.7935,17.9245,0.0354,0.0394,84.85,83.49,-15.15,0.105,ðŸ“Š GeliÅŸmiÅŸ Teknik (%67 gÃ¼ven),15m,BaÅŸarÄ±lÄ±,17.83,0.391061452513968
1753841967184,DOGEUSDT,0.22552,SAT (ZayÄ±f),0.2211,0.2234,0.2258,0.001,0.0009,81.14,86.19,-18.86,0.0015,Klasik Strateji,15m,BaÅŸarÄ±lÄ±,0.22455,0.4301170627882222
1753841967624,SHIBUSDT,1.315e-05,SAT,0.0,0.0,0.0,0.0,0.0,84.62,84.79,-15.38,0.0,ðŸ“Š GeliÅŸmiÅŸ Teknik (%67 gÃ¼ven),15m,BaÅŸarÄ±lÄ±,1.31e-05,0.3802281368821256
1753841968083,LTCUSDT,109.25,SAT (ZayÄ±f),107.4316,108.4185,109.4054,0.1572,0.0868,84.3,89.79,-15.7,0.5957,Klasik Strateji,15m,BaÅŸarÄ±lÄ±,109.02,0.2105263157894773
1753841968864,UNIUSDT,10.438,SAT,10.1335,10.2792,10.425,0.0449,0.0307,89.33,86.38,-10.67,0.0865,ðŸ“Š GeliÅŸmiÅŸ Teknik (%67 gÃ¼ven),15m,BaÅŸarÄ±lÄ±,10.416,0.2107683464265208
1753841969322,ATOMUSDT,4.591,SAT,4.54,4.5849,4.6299,0.0004,0.0092,68.27,66.35,-31.73,0.0289,ðŸ§  AI Tahmin (GÃ¼ven: %100.0),15m,BaÅŸarÄ±lÄ±,4.57,0.4574166848181203
1753841969740,BTCUSDT,118039.99,SAT,117383.3745,117770.4125,118157.4505,148.7731,156.1814,88.82,87.41,-11.18,210.6543,ðŸ“Š GeliÅŸmiÅŸ Teknik (%67 gÃ¼ven),15m,BaÅŸarÄ±lÄ±,117888.79,0.1280921829966367
1753841970195,ETHUSDT,3806.45,SAT,3758.0007,3784.329,3810.6573,7.9437,8.5056,83.72,82.17,-16.28,17.9464,ðŸ“Š GeliÅŸmiÅŸ Teknik (%67 gÃ¼ven),15m,BaÅŸarÄ±lÄ±,3802.4,0.1063983501687852
1753841970215,FTMUSDT,0.6994,BEKLE,0.6917,0.7004,0.7092,0.0024,-0.0,44.55,52.44,-55.45,0.0053,Klasik Strateji,15m,NÃ¶tr,0.6994,0.0
1753841970653,BNBUSDT,810.41,SAT (ZayÄ±f),799.353,805.0305,810.708,0.9476,0.4188,92.08,93.97,-7.92,3.6686,Klasik Strateji,15m,BaÅŸarÄ±lÄ±,808.04,0.29244456509668
1753841970670,ALGOUSDT,0.2621,SAT,0.2574,0.2599,0.2623,0.0007,0.0007,88.06,89.74,-11.94,0.0017,ðŸ§  AI Tahmin (GÃ¼ven: %100.0),15m,BaÅŸarÄ±lÄ±,0.2606,0.5723006486074023
1753841971110,SOLUSDT,181.83,SAT,179.492,180.976,182.46,0.0717,0.1035,84.83,87.81,-15.17,0.9564,ðŸ§  AI Tahmin (GÃ¼ven: %100.0),15m,BaÅŸarÄ±lÄ±,181.39,0.2419842710223979
1753841971123,VETUSDT,0.02533,SAT,0.0249,0.0251,0.0254,0.0001,0.0001,83.33,78.79,-16.67,0.0002,ðŸ“Š GeliÅŸmiÅŸ Teknik (%67 gÃ¼ven),15m,BaÅŸarÄ±lÄ±,0.02517,0.6316620607974613
1753841971567,ICPUSDT,5.469,SAT,5.3853,5.4343,5.4834,0.0082,0.0103,86.07,86.71,-13.93,0.0344,ðŸ“Š GeliÅŸmiÅŸ Teknik (%67 gÃ¼ven),15m,BaÅŸarÄ±lÄ±,5.442,0.4936917169500847
1753841971580,XRPUSDT,3.137,SAT,3.1038,3.1234,3.143,0.0051,0.0029,83.91,84.02,-16.09,0.016,ðŸ“Š GeliÅŸmiÅŸ Teknik (%67 gÃ¼ven),15m,BaÅŸarÄ±lÄ±,3.1257,0.3602167676123642
1753841972035,FILUSDT,2.578,SAT,2.5381,2.5606,2.5831,0.0079,0.0083,84.48,85.8,-15.52,0.0168,ðŸ“Š GeliÅŸmiÅŸ Teknik (%67 gÃ¼ven),15m,BaÅŸarÄ±lÄ±,2.567,0.4266873545383893
1753841972046,ADAUSDT,0.7878,SAT,0.7751,0.7817,0.7883,0.0025,0.0021,87.65,89.39,-12.35,0.0044,ðŸ“Š GeliÅŸmiÅŸ Teknik (%67 gÃ¼ven),15m,BaÅŸarÄ±lÄ±,0.7855,0.291952272150288
1753841972481,DOTUSDT,3.91,SAT,3.8535,3.8866,3.9197,0.0077,0.0095,87.06,87.35,-12.94,0.0244,ðŸ“Š GeliÅŸmiÅŸ Teknik (%67 gÃ¼ven),15m,BaÅŸarÄ±lÄ±,3.895,0.3836317135549904
1753841972929,ETCUSDT,21.9,SAT,21.5231,21.716,21.9089,0.0087,0.0035,92.31,88.34,-7.69,0.125,ðŸ“Š GeliÅŸmiÅŸ Teknik (%67 gÃ¼ven),15m,BaÅŸarÄ±lÄ±,21.82,0.3652968036529602
1753841973374,MATICUSDT,0.3794,SAT,0.3776,0.3811,0.3846,-0.0018,-0.001,33.33,27.78,-66.67,0.0013,ðŸ§  AI Tahmin (GÃ¼ven: %100.0),15m,BaÅŸarÄ±sÄ±z,0.3794,0.0
1753841973822,LINKUSDT,17.89,SAT,17.6635,17.793,17.9225,0.035,0.0393,81.82,82.48,-18.18,0.105,ðŸ“Š GeliÅŸmiÅŸ Teknik (%67 gÃ¼ven),15m,BaÅŸarÄ±lÄ±,17.83,0.3353828954723436
1753841974293,DOGEUSDT,0.22541,BEKLE,0.2211,0.2234,0.2258,0.001,0.0009,79.12,85.52,-20.88,0.0015,Klasik Strateji,15m,NÃ¶tr,0.22457,0.0
1753841974722,SHIBUSDT,1.315e-05,SAT,0.0,0.0,0.0,0.0,0.0,84.62,84.79,-15.38,0.0,ðŸ“Š GeliÅŸmiÅŸ Teknik (%67 gÃ¼ven),15m,BaÅŸarÄ±lÄ±,1.31e-05,0.3802281368821256
1753841975194,LTCUSDT,109.18,SAT (ZayÄ±f),107.4395,108.415,109.3905,0.154,0.0865,81.4,88.83,-18.6,0.5964,Klasik Strateji,15m,BaÅŸarÄ±lÄ±,109.04,0.1282286132991395
1753841975992,UNIUSDT,10.43,SAT,10.1348,10.2788,10.4229,0.0445,0.0306,86.89,85.57,-13.11,0.0865,ðŸ“Š GeliÅŸmiÅŸ Teknik (%67 gÃ¼ven),15m,BaÅŸarÄ±lÄ±,10.416,0.1342281879194568
1753841976438,ATOMUSDT,4.588,SAT,4.5399,4.5848,4.6297,0.0003,0.0092,65.38,65.38,-34.62,0.029,ðŸ§  AI Tahmin (GÃ¼ven: %100.0),15m,BaÅŸarÄ±lÄ±,4.57,0.3923278116826458
1753841976892,NEARUSDT,2.727,SAT,2.6809,2.7101,2.7393,0.0043,0.0085,86.36,85.24,-13.64,0.0205,ðŸ“Š GeliÅŸmiÅŸ Teknik (%67 gÃ¼ven),15m,BaÅŸarÄ±lÄ±,2.715,0.4400440044004404
1753841977365,FTMUSDT,0.6994,BEKLE,0.6917,0.7004,0.7092,0.0024,-0.0,44.55,52.44,-55.45,0.0053,Klasik Strateji,15m,NÃ¶tr,0.6994,0.0
1753841977841,ALGOUSDT,0.2617,SAT,0.2575,0.2599,0.2622,0.0006,0.0007,82.09,87.75,-17.91,0.0017,ðŸ§  AI Tahmin (GÃ¼ven: %100.0),15m,BaÅŸarÄ±lÄ±,0.2606,0.4203286205578869
1753841978301,VETUSDT,0.0253,SAT,0.0249,0.0251,0.0254,0.0001,0.0001,78.79,77.27,-21.21,0.0002,ðŸ“Š GeliÅŸmiÅŸ Teknik (%67 gÃ¼ven),15m,BaÅŸarÄ±lÄ±,0.02517,0.5138339920948545
1753841978768,ICPUSDT,5.464,SAT,5.3857,5.4341,5.4825,0.008,0.0102,81.97,85.35,-18.03,0.0346,ðŸ“Š GeliÅŸmiÅŸ Teknik (%67 gÃ¼ven),15m,BaÅŸarÄ±lÄ±,5.442,0.4026354319180131
1753841979231,FILUSDT,2.575,SAT,2.5384,2.5605,2.5825,0.0078,0.0083,79.31,84.08,-20.69,0.0168,ðŸ“Š GeliÅŸmiÅŸ Teknik (%67 gÃ¼ven),15m,BaÅŸarÄ±lÄ±,2.567,0.3106796116504857
1753841980181,TRXUSDT,0.339,AL,0.3352,0.3372,0.3392,0.0011,0.0009,100.0,84.52,-0.0,0.001,ðŸ“Š GeliÅŸmiÅŸ Teknik (%67 gÃ¼ven),15m,BaÅŸarÄ±lÄ±,0.3395,0.1474926253687317
1753841980614,ETCUSDT,21.88,SAT,21.5257,21.715,21.9043,0.0078,0.0034,88.46,87.06,-11.54,0.1257,ðŸ“Š GeliÅŸmiÅŸ Teknik (%67 gÃ¼ven),15m,BaÅŸarÄ±lÄ±,21.82,0.2742230347349119
1753842097923,BTCUSDT,117967.9,SAT,117388.6383,117766.808,118144.9777,145.5383,155.822,78.61,84.01,-21.39,214.51,ðŸ“Š GeliÅŸmiÅŸ Teknik (%67 gÃ¼ven),15m,BaÅŸarÄ±lÄ±,117888.79,0.0670606156420522
1753842098375,ETHUSDT,3805.13,SAT,3758.1511,3784.263,3810.3749,7.8845,8.4991,81.53,81.44,-18.47,18.2479,ðŸ“Š GeliÅŸmiÅŸ Teknik (%67 gÃ¼ven),15m,BaÅŸarÄ±lÄ±,3802.38,0.0722708553978444
1753842098829,BNBUSDT,809.14,SAT,799.5073,804.967,810.4267,0.8906,0.4125,83.91,91.24,-16.09,3.7193,ðŸ“Š GeliÅŸmiÅŸ Teknik (%67 gÃ¼ven),15m,BaÅŸarÄ±lÄ±,808.0,0.1408903280025689
1753842099289,SOLUSDT,181.76,SAT,179.4962,180.9725,182.4488,0.0686,0.1032,82.87,87.15,-17.13,0.9693,ðŸ§  AI Tahmin (GÃ¼ven: %100.0),15m,BaÅŸarÄ±lÄ±,181.35,0.2255721830985896
1753842099735,XRPUSDT,3.1349,SAT,3.104,3.1233,3.1427,0.005,0.0029,79.89,82.68,-20.11,0.0163,ðŸ“Š GeliÅŸmiÅŸ Teknik (%67 gÃ¼ven),15m,BaÅŸarÄ±lÄ±,3.1251,0.3126096526204922
1753842100189,ADAUSDT,0.7872,SAT,0.7752,0.7817,0.7882,0.0024,0.0021,83.95,88.16,-16.05,0.0045,ðŸ“Š GeliÅŸmiÅŸ Teknik (%67 gÃ¼ven),15m,BaÅŸarÄ±lÄ±,0.7853,0.2413617886178878
1753842100672,DOTUSDT,3.905,SAT,3.8539,3.8864,3.9188,0.0075,0.0094,81.18,85.39,-18.82,0.0246,ðŸ“Š GeliÅŸmiÅŸ Teknik (%67 gÃ¼ven),15m,BaÅŸarÄ±lÄ±,3.895,0.2560819462227858
1753842101121,AVAXUSDT,24.42,SAT,24.0959,24.291,24.4861,0.0394,0.0602,82.0,87.18,-18.0,0.1443,ðŸ“Š GeliÅŸmiÅŸ Teknik (%67 gÃ¼ven),15m,BaÅŸarÄ±lÄ±,24.35,0.2866502866502878
1753842101568,MATICUSDT,0.3794,SAT,0.3776,0.3811,0.3846,-0.0018,-0.001,33.33,27.78,-66.67,0.0013,ðŸ§  AI Tahmin (GÃ¼ven: %100.0),15m,BaÅŸarÄ±sÄ±z,0.3794,0.0
1753842102016,LINKUSDT,17.87,SAT,17.6653,17.792,17.9187,0.0341,0.0392,75.76,80.46,-24.24,0.1064,ðŸ“Š GeliÅŸmiÅŸ Teknik (%67 gÃ¼ven),15m,BaÅŸarÄ±lÄ±,17.84,0.1678791270285458
1753842102472,DOGEUSDT,0.22513,BEKLE,0.2211,0.2234,0.2257,0.001,0.0009,73.99,83.81,-26.01,0.0015,Klasik Strateji,15m,NÃ¶tr,0.22451,0.0
1753842102937,SHIBUSDT,1.313e-05,SAT,0.0,0.0,0.0,0.0,0.0,76.92,82.22,-23.08,0.0,ðŸ“Š GeliÅŸmiÅŸ Teknik (%67 gÃ¼ven),15m,BaÅŸarÄ±lÄ±,1.31e-05,0.2284843869002263
1753842103394,LTCUSDT,109.24,SAT (ZayÄ±f),107.4328,108.418,109.4032,0.1567,0.0868,83.88,89.65,-16.12,0.6,Klasik Strateji,15m,BaÅŸarÄ±lÄ±,109.0,0.2196997436836276
1753842103844,BCHUSDT,570.2,SAT (ZayÄ±f),559.8691,564.94,570.0109,1.6936,0.4226,76.99,84.92,-23.01,2.5357,Klasik Strateji,15m,BaÅŸarÄ±lÄ±,567.8,0.4209049456331271
1753842104657,ATOMUSDT,4.583,SAT,4.5397,4.5845,4.6294,0.0001,0.0091,60.58,63.78,-39.42,0.0294,ðŸ§  AI Tahmin (GÃ¼ven: %100.0),15m,BaÅŸarÄ±lÄ±,4.569,0.3054767619463285
1753842105125,NEARUSDT,2.725,SAT,2.681,2.71,2.739,0.0042,0.0085,83.33,84.23,-16.67,0.0206,ðŸ“Š GeliÅŸmiÅŸ Teknik (%67 gÃ¼ven),15m,BaÅŸarÄ±lÄ±,2.714,0.4036697247706466
1753842105590,FTMUSDT,0.6994,BEKLE,0.6917,0.7004,0.7092,0.0024,-0.0,44.55,52.44,-55.45,0.0053,Klasik Strateji,15m,NÃ¶tr,0.6994,0.0
1753842106068,ALGOUSDT,0.2614,SAT,0.2575,0.2598,0.2622,0.0006,0.0007,77.61,86.25,-22.39,0.0017,ðŸ§  AI Tahmin (GÃ¼ven: %100.0),15m,BaÅŸarÄ±lÄ±,0.2607,0.2677888293802731
1753842106509,VETUSDT,0.02528,SAT,0.0249,0.0251,0.0254,0.0001,0.0001,75.76,76.26,-24.24,0.0002,ðŸ“Š GeliÅŸmiÅŸ Teknik (%67 gÃ¼ven),15m,BaÅŸarÄ±lÄ±,0.02516,0.4746835443038055
1753842106958,ICPUSDT,5.46,SAT,5.386,5.4339,5.4818,0.0078,0.0102,78.69,84.25,-21.31,0.0351,ðŸ“Š GeliÅŸmiÅŸ Teknik (%67 gÃ¼ven),15m,BaÅŸarÄ±lÄ±,5.441,0.3479853479853503
1753842107410,FILUSDT,2.575,SAT,2.5384,2.5605,2.5825,0.0078,0.0083,79.31,84.08,-20.69,0.0169,ðŸ“Š GeliÅŸmiÅŸ Teknik (%67 gÃ¼ven),15m,BaÅŸarÄ±lÄ±,2.567,0.3106796116504857
1753842107850,TRXUSDT,0.3391,AL,0.3352,0.3372,0.3392,0.0011,0.0009,100.0,84.52,-0.0,0.001,ðŸ“Š GeliÅŸmiÅŸ Teknik (%67 gÃ¼ven),15m,BaÅŸarÄ±lÄ±,0.3396,0.1474491300501328
1753842108309,ETCUSDT,21.86,SAT,21.5281,21.714,21.8999,0.0069,0.0033,84.62,85.78,-15.38,0.1279,ðŸ“Š GeliÅŸmiÅŸ Teknik (%67 gÃ¼ven),15m,BaÅŸarÄ±lÄ±,21.81,0.2287282708142759
2025-07-30 05:24:13,BTCUSDT,117947.52,SAT,117389.6881,117765.789,118141.8899,144.6238,155.7204,75.73,83.05,-24.27,217.5679,ðŸ“Š GeliÅŸmiÅŸ Teknik (%67 gÃ¼ven),15m,BaÅŸarÄ±lÄ±,117888.79,0.0497933318140224
2025-07-30 05:24:14,ETHUSDT,3807.12,SAT,3757.9202,3784.3625,3810.8048,7.9738,8.509,84.83,82.54,-15.17,18.2479,ðŸ“Š GeliÅŸmiÅŸ Teknik (%67 gÃ¼ven),15m,BaÅŸarÄ±lÄ±,3800.77,0.1667927462228642
2025-07-30 05:24:14,BNBUSDT,809.57,SAT,799.4603,804.9885,810.5167,0.9099,0.4146,86.68,92.16,-13.32,3.7264,ðŸ“Š GeliÅŸmiÅŸ Teknik (%67 gÃ¼ven),15m,BaÅŸarÄ±lÄ±,807.67,0.2346924910755204
2025-07-30 05:24:15,SOLUSDT,181.83,SAT,179.492,180.976,182.46,0.0717,0.1035,84.83,87.81,-15.17,0.9693,ðŸ§  AI Tahmin (GÃ¼ven: %100.0),15m,BaÅŸarÄ±lÄ±,181.35,0.2639828411153375
2025-07-30 05:24:15,XRPUSDT,3.1326,SAT,3.1041,3.1232,3.1423,0.0049,0.0029,75.48,81.21,-24.52,0.0164,ðŸ“Š GeliÅŸmiÅŸ Teknik (%67 gÃ¼ven),15m,BaÅŸarÄ±lÄ±,3.1244,0.2617633914320368
2025-07-30 05:24:16,ADAUSDT,0.7876,SAT,0.7751,0.7817,0.7883,0.0025,0.0021,86.42,88.98,-13.58,0.0045,ðŸ“Š GeliÅŸmiÅŸ Teknik (%67 gÃ¼ven),15m,BaÅŸarÄ±lÄ±,0.7848,0.3555104113763222
2025-07-30 05:24:16,DOTUSDT,3.904,SAT,3.854,3.8863,3.9186,0.0075,0.0094,80.0,85.0,-20.0,0.0248,ðŸ“Š GeliÅŸmiÅŸ Teknik (%67 gÃ¼ven),15m,BaÅŸarÄ±lÄ±,3.893,0.2817622950819703
2025-07-30 05:24:16,AVAXUSDT,24.41,SAT,24.0966,24.2905,24.4844,0.0389,0.0601,80.0,86.52,-20.0,0.145,ðŸ“Š GeliÅŸmiÅŸ Teknik (%67 gÃ¼ven),15m,BaÅŸarÄ±lÄ±,24.34,0.286767718148301
2025-07-30 05:24:17,MATICUSDT,0.3794,SAT,0.3776,0.3811,0.3846,-0.0018,-0.001,33.33,27.78,-66.67,0.0013,ðŸ§  AI Tahmin (GÃ¼ven: %100.0),15m,BaÅŸarÄ±sÄ±z,0.3794,0.0
2025-07-30 05:24:17,LINKUSDT,17.87,SAT,17.6653,17.792,17.9187,0.0341,0.0392,75.76,80.46,-24.24,0.1071,ðŸ“Š GeliÅŸmiÅŸ Teknik (%67 gÃ¼ven),15m,BaÅŸarÄ±lÄ±,17.82,0.2797985450475697
2025-07-30 05:24:18,DOGEUSDT,0.22498,BEKLE,0.2211,0.2234,0.2257,0.001,0.0009,71.25,82.89,-28.75,0.0015,Klasik Strateji,15m,NÃ¶tr,0.22441,0.0
2025-07-30 05:24:18,SHIBUSDT,1.314e-05,SAT,0.0,0.0,0.0,0.0,0.0,80.77,83.51,-19.23,0.0,ðŸ“Š GeliÅŸmiÅŸ Teknik (%67 gÃ¼ven),15m,BaÅŸarÄ±lÄ±,1.31e-05,0.3044140030441371
2025-07-30 05:24:19,LTCUSDT,109.22,SAT (ZayÄ±f),107.4351,108.417,109.3989,0.1558,0.0867,83.06,89.38,-16.94,0.6,Klasik Strateji,15m,BaÅŸarÄ±lÄ±,108.99,0.2105841420985204
2025-07-30 05:24:19,BCHUSDT,569.7,BEKLE,559.9442,564.915,569.8858,1.6712,0.4201,72.57,83.45,-27.43,2.5857,Klasik Strateji,15m,NÃ¶tr,567.8,0.0
2025-07-30 05:24:20,UNIUSDT,10.429,SAT,10.135,10.2788,10.4226,0.0445,0.0306,85.54,85.12,-14.46,0.0873,ðŸ“Š GeliÅŸmiÅŸ Teknik (%67 gÃ¼ven),15m,BaÅŸarÄ±lÄ±,10.413,0.1534183526704383
2025-07-30 05:24:20,ATOMUSDT,4.583,SAT,4.5397,4.5845,4.6294,0.0001,0.0091,60.58,63.78,-39.42,0.0295,ðŸ§  AI Tahmin (GÃ¼ven: %100.0),15m,BaÅŸarÄ±lÄ±,4.568,0.3272965306567874
2025-07-30 05:24:21,NEARUSDT,2.727,SAT,2.6809,2.7101,2.7393,0.0043,0.0085,86.36,85.24,-13.64,0.0206,ðŸ“Š GeliÅŸmiÅŸ Teknik (%67 gÃ¼ven),15m,BaÅŸarÄ±lÄ±,2.714,0.4767143381004731
2025-07-30 05:24:21,BTCUSDT,117947.51,SAT,117389.6886,117765.7885,118141.8884,144.6233,155.7203,75.73,83.05,-24.27,217.5679,ðŸ“Š GeliÅŸmiÅŸ Teknik (%67 gÃ¼ven),15m,BaÅŸarÄ±lÄ±,117888.78,0.0497933360356619
2025-07-30 05:24:21,FTMUSDT,0.6994,BEKLE,0.6917,0.7004,0.7092,0.0024,-0.0,44.55,52.44,-55.45,0.0053,Klasik Strateji,15m,NÃ¶tr,0.6994,0.0
2025-07-30 05:24:21,ETHUSDT,3806.86,SAT,3757.9517,3784.3495,3810.7473,7.9621,8.5077,84.4,82.4,-15.6,18.2479,ðŸ“Š GeliÅŸmiÅŸ Teknik (%67 gÃ¼ven),15m,BaÅŸarÄ±lÄ±,3800.71,0.1615504641620677
2025-07-30 05:24:21,ALGOUSDT,0.2614,SAT,0.2575,0.2598,0.2622,0.0006,0.0007,77.61,86.25,-22.39,0.0017,ðŸ§  AI Tahmin (GÃ¼ven: %100.0),15m,BaÅŸarÄ±lÄ±,0.2605,0.3442999234889104
2025-07-30 05:24:22,BNBUSDT,809.59,SAT,799.458,804.9895,810.521,0.9108,0.4147,86.81,92.21,-13.19,3.7264,ðŸ“Š GeliÅŸmiÅŸ Teknik (%67 gÃ¼ven),15m,BaÅŸarÄ±lÄ±,807.51,0.2569201694685014
2025-07-30 05:24:22,VETUSDT,0.02527,SAT,0.0249,0.0251,0.0254,0.0001,0.0001,74.24,75.76,-25.76,0.0002,ðŸ“Š GeliÅŸmiÅŸ Teknik (%67 gÃ¼ven),15m,BaÅŸarÄ±lÄ±,0.02514,0.5144440047487203
2025-07-30 05:24:22,SOLUSDT,181.88,SAT,179.4886,180.9785,182.4684,0.074,0.1038,86.24,88.28,-13.76,0.9693,ðŸ§  AI Tahmin (GÃ¼ven: %100.0),15m,BaÅŸarÄ±lÄ±,181.35,0.2914009236859474
2025-07-30 05:24:22,ICPUSDT,5.459,SAT,5.3861,5.4338,5.4816,0.0077,0.0102,77.87,83.98,-22.13,0.0351,ðŸ“Š GeliÅŸmiÅŸ Teknik (%67 gÃ¼ven),15m,BaÅŸarÄ±lÄ±,5.44,0.3480490932405063
2025-07-30 05:24:23,XRPUSDT,3.1332,SAT,3.1041,3.1232,3.1424,0.0049,0.0029,76.63,81.59,-23.37,0.0164,ðŸ“Š GeliÅŸmiÅŸ Teknik (%67 gÃ¼ven),15m,BaÅŸarÄ±lÄ±,3.1241,0.2904378909740874
2025-07-30 05:24:23,FILUSDT,2.572,SAT,2.5386,2.5603,2.582,0.0076,0.0083,74.14,82.35,-25.86,0.017,ðŸ“Š GeliÅŸmiÅŸ Teknik (%67 gÃ¼ven),15m,BaÅŸarÄ±lÄ±,2.565,0.2721617418351523
2025-07-30 05:24:23,ADAUSDT,0.7876,SAT,0.7751,0.7817,0.7883,0.0025,0.0021,86.42,88.98,-13.58,0.0045,ðŸ“Š GeliÅŸmiÅŸ Teknik (%67 gÃ¼ven),15m,BaÅŸarÄ±lÄ±,0.7847,0.3682072117826325
2025-07-30 05:24:23,TRXUSDT,0.3394,AL,0.3352,0.3372,0.3393,0.0011,0.0009,94.59,82.72,-5.41,0.0011,ðŸ“Š GeliÅŸmiÅŸ Teknik (%67 gÃ¼ven),15m,BaÅŸarÄ±lÄ±,0.3396,0.0589275191514535
2025-07-30 05:24:24,DOTUSDT,3.904,SAT,3.854,3.8863,3.9186,0.0075,0.0094,80.0,85.0,-20.0,0.0248,ðŸ“Š GeliÅŸmiÅŸ Teknik (%67 gÃ¼ven),15m,BaÅŸarÄ±lÄ±,3.894,0.2561475409836011
2025-07-30 05:24:24,ETCUSDT,21.87,SAT,21.5269,21.7145,21.9021,0.0074,0.0034,86.54,86.42,-13.46,0.1279,ðŸ“Š GeliÅŸmiÅŸ Teknik (%67 gÃ¼ven),15m,BaÅŸarÄ±lÄ±,21.8,0.3200731595793337
2025-07-30 05:24:24,AVAXUSDT,24.43,SAT,24.095,24.2915,24.488,0.0398,0.0602,84.0,87.85,-16.0,0.145,ðŸ“Š GeliÅŸmiÅŸ Teknik (%67 gÃ¼ven),15m,BaÅŸarÄ±lÄ±,24.33,0.4093327875562891
2025-07-30 05:24:24,MATICUSDT,0.3794,SAT,0.3776,0.3811,0.3846,-0.0018,-0.001,33.33,27.78,-66.67,0.0013,ðŸ§  AI Tahmin (GÃ¼ven: %100.0),15m,BaÅŸarÄ±sÄ±z,0.3794,0.0
2025-07-30 05:24:25,LINKUSDT,17.87,SAT,17.6653,17.792,17.9187,0.0341,0.0392,75.76,80.46,-24.24,0.1071,ðŸ“Š GeliÅŸmiÅŸ Teknik (%67 gÃ¼ven),15m,BaÅŸarÄ±lÄ±,17.83,0.2238388360380677
2025-07-30 05:24:25,DOGEUSDT,0.22518,BEKLE,0.2211,0.2234,0.2257,0.001,0.0009,74.91,84.12,-25.09,0.0015,Klasik Strateji,15m,NÃ¶tr,0.22435,0.0
2025-07-30 05:24:26,SHIBUSDT,1.314e-05,SAT,0.0,0.0,0.0,0.0,0.0,80.77,83.51,-19.23,0.0,ðŸ“Š GeliÅŸmiÅŸ Teknik (%67 gÃ¼ven),15m,BaÅŸarÄ±lÄ±,1.31e-05,0.3044140030441371
2025-07-30 05:24:26,LTCUSDT,109.26,SAT (ZayÄ±f),107.4304,108.419,109.4076,0.1576,0.0869,84.71,89.93,-15.29,0.6,Klasik Strateji,15m,BaÅŸarÄ±lÄ±,108.95,0.2837268899871886
2025-07-30 05:24:27,BCHUSDT,569.8,BEKLE,559.9298,564.92,569.9102,1.6756,0.4206,73.45,83.74,-26.55,2.5857,Klasik Strateji,15m,NÃ¶tr,567.7,0.0
2025-07-30 05:24:27,UNIUSDT,10.438,SAT,10.1335,10.2792,10.425,0.0449,0.0307,88.25,86.02,-11.75,0.0873,ðŸ“Š GeliÅŸmiÅŸ Teknik (%67 gÃ¼ven),15m,BaÅŸarÄ±lÄ±,10.414,0.2299291051925743
2025-07-30 05:24:28,ATOMUSDT,4.585,SAT,4.5398,4.5846,4.6295,0.0002,0.0091,62.5,64.42,-37.5,0.0295,ðŸ§  AI Tahmin (GÃ¼ven: %100.0),15m,BaÅŸarÄ±lÄ±,4.567,0.3925845147219148
2025-07-30 05:24:28,NEARUSDT,2.727,SAT,2.6809,2.7101,2.7393,0.0043,0.0085,86.36,85.24,-13.64,0.0206,ðŸ“Š GeliÅŸmiÅŸ Teknik (%67 gÃ¼ven),15m,BaÅŸarÄ±lÄ±,2.713,0.5133846718005057
2025-07-30 05:24:29,FTMUSDT,0.6994,BEKLE,0.6917,0.7004,0.7092,0.0024,-0.0,44.55,52.44,-55.45,0.0053,Klasik Strateji,15m,NÃ¶tr,0.6994,0.0
2025-07-30 05:24:29,ALGOUSDT,0.2614,SAT,0.2575,0.2598,0.2622,0.0006,0.0007,77.61,86.25,-22.39,0.0017,ðŸ§  AI Tahmin (GÃ¼ven: %100.0),15m,BaÅŸarÄ±lÄ±,0.2605,0.3442999234889104
2025-07-30 05:24:29,VETUSDT,0.02527,SAT,0.0249,0.0251,0.0254,0.0001,0.0001,74.24,75.76,-25.76,0.0002,ðŸ“Š GeliÅŸmiÅŸ Teknik (%67 gÃ¼ven),15m,BaÅŸarÄ±lÄ±,0.02514,0.5144440047487203
2025-07-30 05:24:30,ICPUSDT,5.459,SAT,5.3861,5.4338,5.4816,0.0077,0.0102,77.87,83.98,-22.13,0.0351,ðŸ“Š GeliÅŸmiÅŸ Teknik (%67 gÃ¼ven),15m,BaÅŸarÄ±lÄ±,5.44,0.3480490932405063
2025-07-30 05:24:30,FILUSDT,2.572,SAT,2.5386,2.5603,2.582,0.0076,0.0083,74.14,82.35,-25.86,0.017,ðŸ“Š GeliÅŸmiÅŸ Teknik (%67 gÃ¼ven),15m,BaÅŸarÄ±lÄ±,2.565,0.2721617418351523
2025-07-30 05:24:31,TRXUSDT,0.3394,AL,0.3352,0.3372,0.3393,0.0011,0.0009,94.59,82.72,-5.41,0.0011,ðŸ“Š GeliÅŸmiÅŸ Teknik (%67 gÃ¼ven),15m,BaÅŸarÄ±lÄ±,0.3395,0.0294637595757349
2025-07-30 05:24:31,ETCUSDT,21.87,SAT,21.5269,21.7145,21.9021,0.0074,0.0034,86.54,86.42,-13.46,0.1279,ðŸ“Š GeliÅŸmiÅŸ Teknik (%67 gÃ¼ven),15m,BaÅŸarÄ±lÄ±,21.8,0.3200731595793337
2025-07-30 05:26:14,BTCUSDT,117931.46,SAT,117390.3749,117764.986,118139.5971,143.9031,155.6403,73.45,82.29,-26.55,218.4786,ðŸ“Š GeliÅŸmiÅŸ Teknik (%67 gÃ¼ven),15m,BaÅŸarÄ±lÄ±,117904.43,0.0229200927386241
2025-07-30 05:26:15,ETHUSDT,3807.0,SAT,3757.9348,3784.3565,3810.7782,7.9684,8.5084,84.63,82.48,-15.37,18.2479,ðŸ“Š GeliÅŸmiÅŸ Teknik (%67 gÃ¼ven),15m,BaÅŸarÄ±lÄ±,3803.85,0.0827423167848723
2025-07-30 05:26:15,BNBUSDT,809.31,SAT,799.4894,804.9755,810.4616,0.8982,0.4133,85.01,91.61,-14.99,3.7264,ðŸ“Š GeliÅŸmiÅŸ Teknik (%67 gÃ¼ven),15m,BaÅŸarÄ±lÄ±,808.27,0.1285045285490064
2025-07-30 05:26:16,SOLUSDT,181.78,SAT,179.4951,180.9735,182.4519,0.0695,0.1033,83.43,87.34,-16.57,0.9693,ðŸ§  AI Tahmin (GÃ¼ven: %100.0),15m,BaÅŸarÄ±lÄ±,181.49,0.159533502035423
2025-07-30 05:26:16,XRPUSDT,3.1308,SAT,3.1042,3.1231,3.142,0.0048,0.0029,72.03,80.06,-27.97,0.0165,ðŸ“Š GeliÅŸmiÅŸ Teknik (%67 gÃ¼ven),15m,BaÅŸarÄ±lÄ±,3.128,0.0894340104765456
2025-07-30 05:26:17,ADAUSDT,0.7874,SAT,0.7751,0.7817,0.7882,0.0024,0.0021,85.19,88.57,-14.81,0.0045,ðŸ“Š GeliÅŸmiÅŸ Teknik (%67 gÃ¼ven),15m,BaÅŸarÄ±lÄ±,0.7858,0.2032004064008045
2025-07-30 05:26:17,DOTUSDT,3.903,SAT,3.854,3.8863,3.9185,0.0074,0.0094,78.82,84.61,-21.18,0.0249,ðŸ“Š GeliÅŸmiÅŸ Teknik (%67 gÃ¼ven),15m,BaÅŸarÄ±lÄ±,3.897,0.1537279016141488
2025-07-30 05:26:18,AVAXUSDT,24.41,SAT,24.0966,24.2905,24.4844,0.0389,0.0601,80.0,86.52,-20.0,0.145,ðŸ“Š GeliÅŸmiÅŸ Teknik (%67 gÃ¼ven),15m,BaÅŸarÄ±lÄ±,24.36,0.2048340843916457
2025-07-30 05:26:18,MATICUSDT,0.3794,SAT,0.3776,0.3811,0.3846,-0.0018,-0.001,33.33,27.78,-66.67,0.0013,ðŸ§  AI Tahmin (GÃ¼ven: %100.0),15m,BaÅŸarÄ±sÄ±z,0.3794,0.0
2025-07-30 05:26:18,LINKUSDT,17.88,SAT,17.6645,17.7925,17.9205,0.0346,0.0393,78.79,81.47,-21.21,0.1071,ðŸ“Š GeliÅŸmiÅŸ Teknik (%67 gÃ¼ven),15m,BaÅŸarÄ±lÄ±,17.84,0.2237136465324337
2025-07-30 05:26:19,DOGEUSDT,0.22509,BEKLE,0.2211,0.2234,0.2257,0.001,0.0009,73.26,83.57,-26.74,0.0015,Klasik Strateji,15m,NÃ¶tr,0.22467,0.0
2025-07-30 05:26:19,SHIBUSDT,1.313e-05,SAT,0.0,0.0,0.0,0.0,0.0,76.92,82.22,-23.08,0.0,ðŸ“Š GeliÅŸmiÅŸ Teknik (%67 gÃ¼ven),15m,BaÅŸarÄ±lÄ±,1.311e-05,0.1523229246001508
2025-07-30 05:26:20,LTCUSDT,109.21,SAT (ZayÄ±f),107.4362,108.4165,109.3968,0.1554,0.0866,82.64,89.24,-17.36,0.6029,Klasik Strateji,15m,BaÅŸarÄ±lÄ±,109.05,0.1465067301529133
2025-07-30 05:26:20,BCHUSDT,569.6,BEKLE,559.9583,564.91,569.8617,1.6667,0.4196,71.68,83.15,-28.32,2.5857,Klasik Strateji,15m,NÃ¶tr,568.0,0.0
2025-07-30 05:26:21,ATOMUSDT,4.58,SAT,4.5395,4.5844,4.6293,-0.0001,0.0091,57.69,62.82,-42.31,0.0296,ðŸ§  AI Tahmin (GÃ¼ven: %100.0),15m,BaÅŸarÄ±lÄ±,4.572,0.1746724890829696
2025-07-30 05:26:21,NEARUSDT,2.725,SAT,2.681,2.71,2.739,0.0042,0.0085,83.33,84.23,-16.67,0.0207,ðŸ“Š GeliÅŸmiÅŸ Teknik (%67 gÃ¼ven),15m,BaÅŸarÄ±lÄ±,2.717,0.2935779816513764
2025-07-30 05:26:22,FTMUSDT,0.6994,BEKLE,0.6917,0.7004,0.7092,0.0024,-0.0,44.55,52.44,-55.45,0.0053,Klasik Strateji,15m,NÃ¶tr,0.6994,0.0
2025-07-30 05:26:22,ALGOUSDT,0.2611,SAT,0.2575,0.2598,0.2621,0.0006,0.0007,73.13,84.76,-26.87,0.0017,ðŸ§  AI Tahmin (GÃ¼ven: %100.0),15m,BaÅŸarÄ±lÄ±,0.2609,0.0765990042129367
2025-07-30 05:26:23,VETUSDT,0.02525,SAT,0.0249,0.0251,0.0254,0.0001,0.0001,71.21,74.75,-28.79,0.0002,ðŸ“Š GeliÅŸmiÅŸ Teknik (%67 gÃ¼ven),15m,BaÅŸarÄ±lÄ±,0.02519,0.2376237623762416
2025-07-30 05:26:23,ICPUSDT,5.459,SAT,5.3861,5.4338,5.4816,0.0077,0.0102,77.87,83.98,-22.13,0.0355,ðŸ“Š GeliÅŸmiÅŸ Teknik (%67 gÃ¼ven),15m,BaÅŸarÄ±lÄ±,5.448,0.2015021066129187
2025-07-30 05:26:24,FILUSDT,2.572,SAT,2.5386,2.5603,2.582,0.0076,0.0083,74.14,82.35,-25.86,0.0171,ðŸ“Š GeliÅŸmiÅŸ Teknik (%67 gÃ¼ven),15m,BaÅŸarÄ±lÄ±,2.569,0.116640746500782
2025-07-30 05:26:24,TRXUSDT,0.3393,AL,0.3352,0.3372,0.3392,0.0011,0.0009,91.89,81.82,-8.11,0.0011,ðŸ“Š GeliÅŸmiÅŸ Teknik (%67 gÃ¼ven),15m,BaÅŸarÄ±lÄ±,0.3395,0.0589448865311033
2025-07-30 05:26:25,ETCUSDT,21.88,SAT,21.5257,21.715,21.9043,0.0078,0.0034,88.46,87.06,-11.54,0.1286,ðŸ“Š GeliÅŸmiÅŸ Teknik (%67 gÃ¼ven),15m,BaÅŸarÄ±lÄ±,21.82,0.2742230347349119
2025-07-30 05:27:39,BTCUSDT,117934.55,SAT,117390.2525,117765.1405,118140.0285,144.0418,155.6557,73.89,82.43,-26.11,218.4786,ðŸ“Š GeliÅŸmiÅŸ Teknik (%67 gÃ¼ven),15m,Beklemede,,
2025-07-30 05:27:40,ETHUSDT,3806.93,SAT,3757.9433,3784.353,3810.7627,7.9653,8.508,84.52,82.44,-15.48,18.2479,ðŸ“Š GeliÅŸmiÅŸ Teknik (%67 gÃ¼ven),15m,Beklemede,,
2025-07-30 05:27:40,BNBUSDT,808.93,SAT,799.5283,804.9565,810.3847,0.8812,0.4115,82.56,90.79,-17.44,3.7336,ðŸ“Š GeliÅŸmiÅŸ Teknik (%67 gÃ¼ven),15m,Beklemede,,
2025-07-30 05:27:40,SOLUSDT,181.63,SAT,179.5026,180.966,182.4294,0.0628,0.1025,79.21,85.94,-20.79,0.9693,ðŸ§  AI Tahmin (GÃ¼ven: %100.0),15m,Beklemede,,
2025-07-30 05:27:41,XRPUSDT,3.1286,SAT,3.1042,3.123,3.1418,0.0047,0.0028,67.82,78.65,-32.18,0.0166,ðŸ“Š GeliÅŸmiÅŸ Teknik (%67 gÃ¼ven),15m,Beklemede,,
2025-07-30 05:27:41,ADAUSDT,0.7863,SAT,0.7753,0.7816,0.788,0.0024,0.0021,78.4,86.31,-21.6,0.0045,ðŸ“Š GeliÅŸmiÅŸ Teknik (%67 gÃ¼ven),15m,Beklemede,,
2025-07-30 05:27:42,DOTUSDT,3.897,SAT,3.8542,3.886,3.9177,0.0072,0.0094,71.76,82.25,-28.24,0.0251,ðŸ“Š GeliÅŸmiÅŸ Teknik (%67 gÃ¼ven),15m,Beklemede,,
2025-07-30 05:27:42,AVAXUSDT,24.39,SAT,24.0979,24.2895,24.4811,0.038,0.06,76.0,85.18,-24.0,0.1457,ðŸ“Š GeliÅŸmiÅŸ Teknik (%67 gÃ¼ven),15m,Beklemede,,
2025-07-30 05:27:43,MATICUSDT,0.3794,SAT,0.3776,0.3811,0.3846,-0.0018,-0.001,33.33,27.78,-66.67,0.0013,ðŸ§  AI Tahmin (GÃ¼ven: %100.0),15m,Beklemede,,
2025-07-30 05:27:50,BTCUSDT,117910.8,SAT,117391.0739,117763.953,118136.8321,142.9761,155.5373,70.53,81.31,-29.47,218.5879,ðŸ“Š GeliÅŸmiÅŸ Teknik (%67 gÃ¼ven),15m,Beklemede,,
2025-07-30 05:27:50,ETHUSDT,3805.01,SAT,3758.1642,3784.257,3810.3498,7.8791,8.4985,81.33,81.38,-18.67,18.2479,ðŸ“Š GeliÅŸmiÅŸ Teknik (%67 gÃ¼ven),15m,Beklemede,,
2025-07-30 05:27:51,BNBUSDT,808.79,SAT,799.5415,804.9495,810.3575,0.8749,0.4108,81.66,90.49,-18.34,3.7443,ðŸ“Š GeliÅŸmiÅŸ Teknik (%67 gÃ¼ven),15m,Beklemede,,
2025-07-30 05:27:51,SOLUSDT,181.58,SAT,179.5044,180.9635,182.4226,0.0605,0.1023,77.81,85.47,-22.19,0.9714,ðŸ§  AI Tahmin (GÃ¼ven: %100.0),15m,Beklemede,,
2025-07-30 05:27:52,XRPUSDT,3.1286,SAT,3.1042,3.123,3.1418,0.0047,0.0028,67.82,78.65,-32.18,0.0167,ðŸ“Š GeliÅŸmiÅŸ Teknik (%67 gÃ¼ven),15m,Beklemede,,
2025-07-30 05:27:52,ADAUSDT,0.7863,SAT,0.7753,0.7816,0.788,0.0024,0.0021,78.4,86.31,-21.6,0.0045,ðŸ“Š GeliÅŸmiÅŸ Teknik (%67 gÃ¼ven),15m,Beklemede,,
2025-07-30 05:27:53,DOTUSDT,3.897,SAT,3.8542,3.886,3.9177,0.0072,0.0094,71.76,82.25,-28.24,0.0252,ðŸ“Š GeliÅŸmiÅŸ Teknik (%67 gÃ¼ven),15m,Beklemede,,
2025-07-30 05:27:53,AVAXUSDT,24.39,SAT,24.0979,24.2895,24.4811,0.038,0.06,76.0,85.18,-24.0,0.1457,ðŸ“Š GeliÅŸmiÅŸ Teknik (%67 gÃ¼ven),15m,Beklemede,,
2025-07-30 05:27:53,MATICUSDT,0.3794,SAT,0.3776,0.3811,0.3846,-0.0018,-0.001,33.33,27.78,-66.67,0.0013,ðŸ§  AI Tahmin (GÃ¼ven: %100.0),15m,Beklemede,,
2025-07-30 05:27:54,LINKUSDT,17.85,SAT,17.6664,17.791,17.9156,0.0332,0.0391,69.7,78.44,-30.3,0.1079,ðŸ“Š GeliÅŸmiÅŸ Teknik (%67 gÃ¼ven),15m,Beklemede,,
2025-07-30 05:27:54,DOGEUSDT,0.22484,BEKLE,0.2212,0.2234,0.2256,0.001,0.0009,68.68,82.04,-31.32,0.0015,Klasik Strateji,15m,Beklemede,,
2025-07-30 05:27:55,SHIBUSDT,1.312e-05,SAT,0.0,0.0,0.0,0.0,0.0,73.08,80.94,-26.92,0.0,ðŸ“Š GeliÅŸmiÅŸ Teknik (%67 gÃ¼ven),15m,Beklemede,,
2025-07-30 05:27:56,LTCUSDT,109.12,BEKLE,107.4456,108.412,109.3784,0.1513,0.0862,78.93,88.0,-21.07,0.6029,Klasik Strateji,15m,Beklemede,,
2025-07-30 05:27:56,BCHUSDT,569.2,BEKLE,560.0115,564.89,569.7685,1.6487,0.4176,68.14,81.97,-31.86,2.6143,Klasik Strateji,15m,Beklemede,,
2025-07-30 05:27:57,UNIUSDT,10.438,SAT,10.1335,10.2792,10.425,0.0449,0.0307,88.25,86.02,-11.75,0.0873,ðŸ“Š GeliÅŸmiÅŸ Teknik (%67 gÃ¼ven),15m,Beklemede,,
2025-07-30 05:27:57,ATOMUSDT,4.572,SAT,4.5388,4.584,4.6292,-0.0004,0.0091,50.0,60.26,-50.0,0.0301,ðŸ§  AI Tahmin (GÃ¼ven: %100.0),15m,Beklemede,,
2025-07-30 05:27:57,NEARUSDT,2.719,SAT,2.6812,2.7097,2.7382,0.0039,0.0085,74.24,81.2,-25.76,0.0211,ðŸ§  AI Tahmin (GÃ¼ven: %100.0),15m,Beklemede,,
2025-07-30 05:27:58,FTMUSDT,0.6994,BEKLE,0.6917,0.7004,0.7092,0.0024,-0.0,44.55,52.44,-55.45,0.0053,Klasik Strateji,15m,Beklemede,,
2025-07-30 05:27:58,ALGOUSDT,0.2608,SAT,0.2576,0.2598,0.2621,0.0006,0.0007,68.66,83.27,-31.34,0.0017,ðŸ§  AI Tahmin (GÃ¼ven: %100.0),15m,Beklemede,,
2025-07-30 05:27:59,VETUSDT,0.02521,SAT,0.0249,0.0251,0.0254,0.0001,0.0001,65.15,72.73,-34.85,0.0002,ðŸ“Š GeliÅŸmiÅŸ Teknik (%67 gÃ¼ven),15m,Beklemede,,
2025-07-30 05:27:59,ICPUSDT,5.449,SAT,5.3864,5.4333,5.4803,0.0073,0.0102,69.67,81.25,-30.33,0.0359,ðŸ“Š GeliÅŸmiÅŸ Teknik (%67 gÃ¼ven),15m,Beklemede,,
2025-07-30 05:28:00,FILUSDT,2.568,SAT,2.5388,2.5601,2.5814,0.0074,0.0083,67.24,80.05,-32.76,0.0173,ðŸ“Š GeliÅŸmiÅŸ Teknik (%67 gÃ¼ven),15m,Beklemede,,
2025-07-30 05:28:00,TRXUSDT,0.3394,AL,0.3352,0.3372,0.3393,0.0011,0.0009,94.59,82.72,-5.41,0.0011,ðŸ“Š GeliÅŸmiÅŸ Teknik (%67 gÃ¼ven),15m,Beklemede,,
2025-07-30 05:28:01,ETCUSDT,21.86,SAT,21.5281,21.714,21.8999,0.0069,0.0033,84.62,85.78,-15.38,0.1286,ðŸ“Š GeliÅŸmiÅŸ Teknik (%67 gÃ¼ven),15m,Beklemede,,
2025-07-30 05:28:47,BTCUSDT,117901.95,SAT,117391.3091,117763.5105,118135.7119,142.579,155.4932,69.28,80.9,-30.72,219.2207,ðŸ“Š GeliÅŸmiÅŸ Teknik (%67 gÃ¼ven),15m,Beklemede,,
2025-07-30 05:28:48,ETHUSDT,3804.59,SAT,3758.2095,3784.236,3810.2625,7.8603,8.4964,80.63,81.14,-19.37,18.2479,ðŸ“Š GeliÅŸmiÅŸ Teknik (%67 gÃ¼ven),15m,Beklemede,,
2025-07-30 05:28:48,BNBUSDT,808.73,SAT,799.5469,804.9465,810.3461,0.8722,0.4105,81.27,90.36,-18.73,3.7457,ðŸ“Š GeliÅŸmiÅŸ Teknik (%67 gÃ¼ven),15m,Beklemede,,
2025-07-30 05:28:48,SOLUSDT,181.51,SAT,179.5065,180.96,182.4135,0.0574,0.1019,75.84,84.81,-24.16,0.9786,ðŸ§  AI Tahmin (GÃ¼ven: %100.0),15m,Beklemede,,
2025-07-30 05:28:49,XRPUSDT,3.1272,SAT,3.1042,3.1229,3.1416,0.0047,0.0028,65.13,77.76,-34.87,0.0167,ðŸ“Š GeliÅŸmiÅŸ Teknik (%67 gÃ¼ven),15m,Beklemede,,
2025-07-30 05:28:49,ADAUSDT,0.7857,SAT,0.7753,0.7816,0.7879,0.0024,0.0021,74.69,85.07,-25.31,0.0046,ðŸ“Š GeliÅŸmiÅŸ Teknik (%67 gÃ¼ven),15m,Beklemede,,
2025-07-30 05:28:50,DOTUSDT,3.896,SAT,3.8542,3.8859,3.9176,0.0071,0.0094,70.59,81.86,-29.41,0.0253,ðŸ“Š GeliÅŸmiÅŸ Teknik (%67 gÃ¼ven),15m,Beklemede,,
2025-07-30 05:28:50,AVAXUSDT,24.39,SAT,24.0979,24.2895,24.4811,0.038,0.06,76.0,85.18,-24.0,0.1471,ðŸ“Š GeliÅŸmiÅŸ Teknik (%67 gÃ¼ven),15m,Beklemede,,
2025-07-30 05:28:51,MATICUSDT,0.3794,SAT,0.3776,0.3811,0.3846,-0.0018,-0.001,33.33,27.78,-66.67,0.0013,ðŸ§  AI Tahmin (GÃ¼ven: %100.0),15m,Beklemede,,
2025-07-30 05:28:51,LINKUSDT,17.85,SAT,17.6664,17.791,17.9156,0.0332,0.0391,69.7,78.44,-30.3,0.1079,ðŸ“Š GeliÅŸmiÅŸ Teknik (%67 gÃ¼ven),15m,Beklemede,,
2025-07-30 05:28:52,DOGEUSDT,0.22483,BEKLE,0.2212,0.2234,0.2256,0.001,0.0009,68.5,81.98,-31.5,0.0015,Klasik Strateji,15m,Beklemede,,
2025-07-30 05:28:52,SHIBUSDT,1.312e-05,SAT,0.0,0.0,0.0,0.0,0.0,73.08,80.94,-26.92,0.0,ðŸ“Š GeliÅŸmiÅŸ Teknik (%67 gÃ¼ven),15m,Beklemede,,
2025-07-30 05:28:53,LTCUSDT,109.13,BEKLE,107.4447,108.4125,109.3803,0.1518,0.0862,79.34,88.14,-20.66,0.6064,Klasik Strateji,15m,Beklemede,,
2025-07-30 05:28:53,BCHUSDT,568.8,BEKLE,560.0596,564.87,569.6804,1.6308,0.4156,64.6,80.79,-35.4,2.65,Klasik Strateji,15m,Beklemede,,
2025-07-30 05:28:53,UNIUSDT,10.449,SAT (ZayÄ±f),10.1316,10.2798,10.428,0.0454,0.0307,91.57,87.12,-8.43,0.0873,Klasik Strateji,15m,Beklemede,,
2025-07-30 05:28:54,ATOMUSDT,4.572,SAT,4.5388,4.584,4.6292,-0.0004,0.0091,50.0,60.26,-50.0,0.0301,ðŸ§  AI Tahmin (GÃ¼ven: %100.0),15m,Beklemede,,
2025-07-30 05:28:54,NEARUSDT,2.719,SAT,2.6812,2.7097,2.7382,0.0039,0.0085,74.24,81.2,-25.76,0.0211,ðŸ§  AI Tahmin (GÃ¼ven: %100.0),15m,Beklemede,,
2025-07-30 05:28:55,FTMUSDT,0.6994,BEKLE,0.6917,0.7004,0.7092,0.0024,-0.0,44.55,52.44,-55.45,0.0053,Klasik Strateji,15m,Beklemede,,
2025-07-30 05:28:55,ALGOUSDT,0.2607,SAT,0.2576,0.2598,0.2621,0.0006,0.0007,67.16,82.77,-32.84,0.0018,ðŸ§  AI Tahmin (GÃ¼ven: %100.0),15m,Beklemede,,
2025-07-30 05:28:56,VETUSDT,0.02522,SAT,0.0249,0.0251,0.0254,0.0001,0.0001,66.67,73.23,-33.33,0.0002,ðŸ“Š GeliÅŸmiÅŸ Teknik (%67 gÃ¼ven),15m,Beklemede,,
2025-07-30 05:28:56,ICPUSDT,5.45,SAT,5.3864,5.4334,5.4804,0.0073,0.0102,70.49,81.52,-29.51,0.0359,ðŸ“Š GeliÅŸmiÅŸ Teknik (%67 gÃ¼ven),15m,Beklemede,,
2025-07-30 05:28:57,FILUSDT,2.57,SAT,2.5387,2.5602,2.5817,0.0075,0.0083,70.69,81.2,-29.31,0.0174,ðŸ“Š GeliÅŸmiÅŸ Teknik (%67 gÃ¼ven),15m,Beklemede,,
2025-07-30 05:28:57,TRXUSDT,0.3396,AL,0.3351,0.3372,0.3393,0.0011,0.001,100.0,84.52,-0.0,0.0011,ðŸ“Š GeliÅŸmiÅŸ Teknik (%67 gÃ¼ven),15m,Beklemede,,
2025-07-30 05:28:58,ETCUSDT,21.85,SAT,21.5291,21.7135,21.8979,0.0065,0.0033,82.69,85.14,-17.31,0.1286,ðŸ“Š GeliÅŸmiÅŸ Teknik (%67 gÃ¼ven),15m,Beklemede,,
2025-07-30 05:29:06,BTCUSDT,117910.94,SAT,117391.0699,117763.96,118136.8501,142.9824,155.538,70.55,81.32,-29.45,219.2207,ðŸ“Š GeliÅŸmiÅŸ Teknik (%67 gÃ¼ven),15m,Beklemede,,
2025-07-30 05:29:06,ETHUSDT,3806.8,SAT,3757.959,3784.3465,3810.734,7.9594,8.5074,84.3,82.37,-15.7,18.2479,ðŸ“Š GeliÅŸmiÅŸ Teknik (%67 gÃ¼ven),15m,Beklemede,,
2025-07-30 05:29:07,BNBUSDT,809.2,SAT,799.5011,804.97,810.4389,0.8933,0.4128,84.3,91.37,-15.7,3.7457,ðŸ“Š GeliÅŸmiÅŸ Teknik (%67 gÃ¼ven),15m,Beklemede,,
2025-07-30 05:29:07,SOLUSDT,181.59,SAT,179.5041,180.964,182.4239,0.061,0.1023,78.09,85.56,-21.91,0.9786,ðŸ§  AI Tahmin (GÃ¼ven: %100.0),15m,Beklemede,,
2025-07-30 05:29:08,XRPUSDT,3.1294,SAT,3.1042,3.123,3.1419,0.0048,0.0028,69.35,79.17,-30.65,0.0167,ðŸ“Š GeliÅŸmiÅŸ Teknik (%67 gÃ¼ven),15m,Beklemede,,
2025-07-30 05:29:08,ADAUSDT,0.7865,SAT,0.7752,0.7816,0.788,0.0024,0.0021,79.63,86.72,-20.37,0.0046,ðŸ“Š GeliÅŸmiÅŸ Teknik (%67 gÃ¼ven),15m,Beklemede,,
2025-07-30 05:29:09,DOTUSDT,3.9,SAT,3.8541,3.8861,3.9181,0.0073,0.0094,75.29,83.43,-24.71,0.0253,ðŸ“Š GeliÅŸmiÅŸ Teknik (%67 gÃ¼ven),15m,Beklemede,,
2025-07-30 05:29:09,AVAXUSDT,24.4,SAT,24.0973,24.29,24.4827,0.0385,0.0601,78.0,85.85,-22.0,0.1471,ðŸ“Š GeliÅŸmiÅŸ Teknik (%67 gÃ¼ven),15m,Beklemede,,
2025-07-30 05:29:09,MATICUSDT,0.3794,SAT,0.3776,0.3811,0.3846,-0.0018,-0.001,33.33,27.78,-66.67,0.0013,ðŸ§  AI Tahmin (GÃ¼ven: %100.0),15m,Beklemede,,
2025-07-30 05:29:10,LINKUSDT,17.85,SAT,17.6664,17.791,17.9156,0.0332,0.0391,69.7,78.44,-30.3,0.1079,ðŸ“Š GeliÅŸmiÅŸ Teknik (%67 gÃ¼ven),15m,Beklemede,,
2025-07-30 05:29:10,DOGEUSDT,0.225,BEKLE,0.2211,0.2234,0.2257,0.001,0.0009,71.61,83.02,-28.39,0.0015,Klasik Strateji,15m,Beklemede,,
2025-07-30 05:29:11,SHIBUSDT,1.312e-05,SAT,0.0,0.0,0.0,0.0,0.0,73.08,80.94,-26.92,0.0,ðŸ“Š GeliÅŸmiÅŸ Teknik (%67 gÃ¼ven),15m,Beklemede,,
2025-07-30 05:29:11,LTCUSDT,109.15,BEKLE,107.4427,108.4135,109.3843,0.1527,0.0863,80.17,88.41,-19.83,0.6064,Klasik Strateji,15m,Beklemede,,
2025-07-30 05:29:12,BCHUSDT,569.0,BEKLE,560.0362,564.88,569.7238,1.6397,0.4166,66.37,81.38,-33.63,2.65,Klasik Strateji,15m,Beklemede,,
2025-07-30 05:29:12,UNIUSDT,10.451,SAT (ZayÄ±f),10.1312,10.2799,10.4286,0.0454,0.0308,92.17,87.33,-7.83,0.0873,Klasik Strateji,15m,Beklemede,,
2025-07-30 05:29:13,ATOMUSDT,4.575,SAT,4.5391,4.5841,4.6292,-0.0003,0.0091,52.88,61.22,-47.12,0.0301,ðŸ§  AI Tahmin (GÃ¼ven: %100.0),15m,Beklemede,,
2025-07-30 05:29:13,NEARUSDT,2.72,SAT,2.6812,2.7098,2.7383,0.0039,0.0085,75.76,81.7,-24.24,0.0211,ðŸ§  AI Tahmin (GÃ¼ven: %100.0),15m,Beklemede,,
2025-07-30 05:29:14,FTMUSDT,0.6994,BEKLE,0.6917,0.7004,0.7092,0.0024,-0.0,44.55,52.44,-55.45,0.0053,Klasik Strateji,15m,Beklemede,,
2025-07-30 05:29:14,ALGOUSDT,0.2609,SAT,0.2576,0.2598,0.2621,0.0006,0.0007,70.15,83.76,-29.85,0.0018,ðŸ§  AI Tahmin (GÃ¼ven: %100.0),15m,Beklemede,,
2025-07-30 05:29:15,VETUSDT,0.02523,SAT,0.0249,0.0251,0.0254,0.0001,0.0001,68.18,73.74,-31.82,0.0002,ðŸ“Š GeliÅŸmiÅŸ Teknik (%67 gÃ¼ven),15m,Beklemede,,
2025-07-30 05:29:15,ICPUSDT,5.452,SAT,5.3864,5.4335,5.4806,0.0074,0.0102,72.13,82.07,-27.87,0.0359,ðŸ“Š GeliÅŸmiÅŸ Teknik (%67 gÃ¼ven),15m,Beklemede,,
2025-07-30 05:29:15,FILUSDT,2.571,SAT,2.5387,2.5603,2.5818,0.0076,0.0083,72.41,81.78,-27.59,0.0174,ðŸ“Š GeliÅŸmiÅŸ Teknik (%67 gÃ¼ven),15m,Beklemede,,
2025-07-30 05:29:16,TRXUSDT,0.3396,AL,0.3351,0.3372,0.3393,0.0011,0.001,100.0,84.52,-0.0,0.0011,ðŸ“Š GeliÅŸmiÅŸ Teknik (%67 gÃ¼ven),15m,Beklemede,,
2025-07-30 05:29:16,ETCUSDT,21.87,SAT,21.5269,21.7145,21.9021,0.0074,0.0034,86.54,86.42,-13.46,0.1286,ðŸ“Š GeliÅŸmiÅŸ Teknik (%67 gÃ¼ven),15m,Beklemede,,
2025-07-30 05:29:32,BTCUSDT,117923.91,SAT,117390.6546,117764.6085,118138.5624,143.5644,155.6026,72.39,81.93,-27.61,219.2207,ðŸ“Š GeliÅŸmiÅŸ Teknik (%67 gÃ¼ven),15m,Beklemede,,
2025-07-30 05:29:32,ETHUSDT,3807.04,SAT,3757.9299,3784.3585,3810.7871,7.9702,8.5086,84.7,82.5,-15.3,18.2479,ðŸ“Š GeliÅŸmiÅŸ Teknik (%67 gÃ¼ven),15m,Beklemede,,
2025-07-30 05:29:32,BNBUSDT,809.22,SAT,799.499,804.971,810.443,0.8942,0.4129,84.43,91.41,-15.57,3.7457,ðŸ“Š GeliÅŸmiÅŸ Teknik (%67 gÃ¼ven),15m,Beklemede,,
2025-07-30 05:29:33,SOLUSDT,181.6,SAT,179.5037,180.9645,182.4253,0.0614,0.1024,78.37,85.66,-21.63,0.9786,ðŸ§  AI Tahmin (GÃ¼ven: %100.0),15m,Beklemede,,
2025-07-30 05:29:33,XRPUSDT,3.1309,SAT,3.1042,3.1231,3.1421,0.0048,0.0029,72.22,80.12,-27.78,0.0167,ðŸ“Š GeliÅŸmiÅŸ Teknik (%67 gÃ¼ven),15m,Beklemede,,
2025-07-30 05:29:34,ADAUSDT,0.7867,SAT,0.7752,0.7816,0.7881,0.0024,0.0021,80.86,87.13,-19.14,0.0046,ðŸ“Š GeliÅŸmiÅŸ Teknik (%67 gÃ¼ven),15m,Beklemede,,
2025-07-30 05:29:34,DOTUSDT,3.9,SAT,3.8541,3.8861,3.9181,0.0073,0.0094,75.29,83.43,-24.71,0.0253,ðŸ“Š GeliÅŸmiÅŸ Teknik (%67 gÃ¼ven),15m,Beklemede,,
2025-07-30 05:29:35,AVAXUSDT,24.4,SAT,24.0973,24.29,24.4827,0.0385,0.0601,78.0,85.85,-22.0,0.1471,ðŸ“Š GeliÅŸmiÅŸ Teknik (%67 gÃ¼ven),15m,Beklemede,,
2025-07-30 05:29:35,MATICUSDT,0.3794,SAT,0.3776,0.3811,0.3846,-0.0018,-0.001,33.33,27.78,-66.67,0.0013,ðŸ§  AI Tahmin (GÃ¼ven: %100.0),15m,Beklemede,,
2025-07-30 05:29:36,LINKUSDT,17.86,SAT,17.6659,17.7915,17.9171,0.0337,0.0392,72.73,79.45,-27.27,0.1079,ðŸ“Š GeliÅŸmiÅŸ Teknik (%67 gÃ¼ven),15m,Beklemede,,
2025-07-30 05:29:36,DOGEUSDT,0.22503,BEKLE,0.2211,0.2234,0.2257,0.001,0.0009,72.16,83.2,-27.84,0.0015,Klasik Strateji,15m,Beklemede,,
2025-07-30 05:29:36,SHIBUSDT,1.313e-05,SAT,0.0,0.0,0.0,0.0,0.0,76.92,82.22,-23.08,0.0,ðŸ“Š GeliÅŸmiÅŸ Teknik (%67 gÃ¼ven),15m,Beklemede,,
2025-07-30 05:29:37,LTCUSDT,109.18,BEKLE,107.4395,108.415,109.3905,0.154,0.0865,81.4,88.83,-18.6,0.6064,Klasik Strateji,15m,Beklemede,,
2025-07-30 05:29:37,BCHUSDT,568.9,BEKLE,560.048,564.875,569.702,1.6353,0.4161,65.49,81.09,-34.51,2.65,Klasik Strateji,15m,Beklemede,,
2025-07-30 05:29:38,UNIUSDT,10.446,SAT,10.1321,10.2796,10.4272,0.0452,0.0307,90.66,86.82,-9.34,0.0873,ðŸ“Š GeliÅŸmiÅŸ Teknik (%67 gÃ¼ven),15m,Beklemede,,
2025-07-30 05:29:38,ATOMUSDT,4.577,SAT,4.5393,4.5842,4.6292,-0.0002,0.0091,54.81,61.86,-45.19,0.0301,ðŸ§  AI Tahmin (GÃ¼ven: %100.0),15m,Beklemede,,
2025-07-30 05:29:39,NEARUSDT,2.72,SAT,2.6812,2.7098,2.7383,0.0039,0.0085,75.76,81.7,-24.24,0.0211,ðŸ§  AI Tahmin (GÃ¼ven: %100.0),15m,Beklemede,,
2025-07-30 05:29:39,FTMUSDT,0.6994,BEKLE,0.6917,0.7004,0.7092,0.0024,-0.0,44.55,52.44,-55.45,0.0053,Klasik Strateji,15m,Beklemede,,
2025-07-30 05:29:40,ALGOUSDT,0.261,SAT,0.2575,0.2598,0.2621,0.0006,0.0007,71.64,84.26,-28.36,0.0018,ðŸ§  AI Tahmin (GÃ¼ven: %100.0),15m,Beklemede,,
2025-07-30 05:29:40,VETUSDT,0.02522,SAT,0.0249,0.0251,0.0254,0.0001,0.0001,66.67,73.23,-33.33,0.0002,ðŸ“Š GeliÅŸmiÅŸ Teknik (%67 gÃ¼ven),15m,Beklemede,,
2025-07-30 05:29:41,ICPUSDT,5.453,SAT,5.3863,5.4335,5.4808,0.0075,0.0102,72.95,82.34,-27.05,0.0359,ðŸ“Š GeliÅŸmiÅŸ Teknik (%67 gÃ¼ven),15m,Beklemede,,
2025-07-30 05:29:41,FILUSDT,2.571,SAT,2.5387,2.5603,2.5818,0.0076,0.0083,72.41,81.78,-27.59,0.0174,ðŸ“Š GeliÅŸmiÅŸ Teknik (%67 gÃ¼ven),15m,Beklemede,,
2025-07-30 05:29:41,TRXUSDT,0.3395,AL,0.3351,0.3372,0.3393,0.0011,0.001,97.3,83.62,-2.7,0.0011,ðŸ“Š GeliÅŸmiÅŸ Teknik (%67 gÃ¼ven),15m,Beklemede,,
2025-07-30 05:29:42,ETCUSDT,21.87,SAT,21.5269,21.7145,21.9021,0.0074,0.0034,86.54,86.42,-13.46,0.1286,ðŸ“Š GeliÅŸmiÅŸ Teknik (%67 gÃ¼ven),15m,Beklemede,,
2025-07-30 05:30:18,BTCUSDT,117938.3,SAT,117493.2664,117799.152,118105.0376,131.0539,157.2394,74.42,82.82,-25.58,213.3379,ðŸ§  AI Tahmin (GÃ¼ven: %100.0),15m,Beklemede,,
2025-07-30 05:30:19,ETHUSDT,3806.67,SAT,3760.2847,3786.518,3812.7513,7.5546,8.3536,84.09,89.19,-15.91,17.5407,ðŸ§  AI Tahmin (GÃ¼ven: %100.0),15m,Beklemede,,
2025-07-30 05:30:19,BNBUSDT,809.01,SAT,799.7262,805.311,810.8958,0.9224,0.575,83.08,88.81,-16.92,3.5114,ðŸ“Š GeliÅŸmiÅŸ Teknik (%67 gÃ¼ven),15m,Beklemede,,
2025-07-30 05:30:19,SOLUSDT,181.61,SAT,179.6082,181.0395,182.4708,0.0513,0.095,78.65,85.02,-21.35,0.945,ðŸ§  AI Tahmin (GÃ¼ven: %100.0),15m,Beklemede,,
2025-07-30 05:30:20,XRPUSDT,3.1308,BEKLE,3.1056,3.1241,3.1425,0.0041,0.0034,72.03,79.04,-27.97,0.0161,Klasik Strateji,15m,Beklemede,,
2025-07-30 05:30:20,ADAUSDT,0.7869,BEKLE,0.776,0.7822,0.7884,0.0023,0.0022,82.1,87.64,-17.9,0.0044,Klasik Strateji,15m,Beklemede,,
2025-07-30 05:30:21,DOTUSDT,3.9,SAT,3.8573,3.888,3.9186,0.0056,0.0089,75.29,83.53,-24.71,0.0242,ðŸ§  AI Tahmin (GÃ¼ven: %100.0),15m,Beklemede,,
2025-07-30 05:30:21,AVAXUSDT,24.4,SAT,24.1057,24.3005,24.4953,0.0291,0.0553,78.0,86.0,-22.0,0.1414,ðŸ§  AI Tahmin (GÃ¼ven: %100.0),15m,Beklemede,,
2025-07-30 05:30:22,MATICUSDT,0.3794,SAT,0.3776,0.3811,0.3846,-0.0018,-0.001,33.33,27.78,-66.67,0.0013,ðŸ§  AI Tahmin (GÃ¼ven: %100.0),15m,Beklemede,,
2025-07-30 05:30:22,LINKUSDT,17.86,SAT,17.6779,17.7995,17.9211,0.0299,0.0379,72.73,80.78,-27.27,0.1043,ðŸ§  AI Tahmin (GÃ¼ven: %100.0),15m,Beklemede,,
2025-07-30 05:30:23,DOGEUSDT,0.22502,SAT,0.2215,0.2236,0.2257,0.0009,0.0009,71.98,80.42,-28.02,0.0015,ðŸ§  AI Tahmin (GÃ¼ven: %100.0),15m,Beklemede,,
2025-07-30 05:30:23,SHIBUSDT,1.312e-05,SAT,0.0,0.0,0.0,0.0,0.0,73.08,81.94,-26.92,0.0,ðŸ§  AI Tahmin (GÃ¼ven: %100.0),15m,Beklemede,,
2025-07-30 05:30:24,LTCUSDT,109.2,BEKLE,107.4992,108.4875,109.4758,0.1651,0.1082,82.23,88.01,-17.77,0.5843,Klasik Strateji,15m,Beklemede,,
2025-07-30 05:30:24,BCHUSDT,568.9,BEKLE,560.08,565.145,570.21,1.7391,0.6491,65.49,76.7,-34.51,2.5214,Klasik Strateji,15m,Beklemede,,
2025-07-30 05:30:24,UNIUSDT,10.442,SAT,10.1312,10.2912,10.4511,0.0484,0.0331,89.46,93.27,-10.54,0.0845,ðŸ“Š GeliÅŸmiÅŸ Teknik (%67 gÃ¼ven),15m,Beklemede,,
2025-07-30 05:30:25,ATOMUSDT,4.576,SAT,4.5413,4.585,4.6288,-0.0035,0.0071,53.85,60.26,-46.15,0.0289,ðŸ§  AI Tahmin (GÃ¼ven: %100.0),15m,Beklemede,,
2025-07-30 05:30:25,BTCUSDT,117935.36,SAT,117493.3843,117799.005,118104.6257,130.922,157.2247,74.01,82.68,-25.99,213.5471,ðŸ§  AI Tahmin (GÃ¼ven: %100.0),15m,Beklemede,,
2025-07-30 05:30:25,NEARUSDT,2.72,SAT,2.6838,2.7113,2.7388,0.0024,0.0075,75.76,83.81,-24.24,0.0203,ðŸ§  AI Tahmin (GÃ¼ven: %100.0),15m,Beklemede,,
2025-07-30 05:30:26,ETHUSDT,3806.67,SAT,3760.2847,3786.518,3812.7513,7.5546,8.3536,84.09,89.19,-15.91,17.5407,ðŸ§  AI Tahmin (GÃ¼ven: %100.0),15m,Beklemede,,
2025-07-30 05:30:26,FTMUSDT,0.6994,BEKLE,0.6917,0.7004,0.7092,0.0024,-0.0,44.55,52.44,-55.45,0.0053,Klasik Strateji,15m,Beklemede,,
2025-07-30 05:30:26,BNBUSDT,808.66,SAT,799.7531,805.2935,810.8339,0.9067,0.5732,80.82,88.06,-19.18,3.5357,ðŸ“Š GeliÅŸmiÅŸ Teknik (%67 gÃ¼ven),15m,Beklemede,,
2025-07-30 05:30:26,ALGOUSDT,0.261,SAT,0.2578,0.26,0.2622,0.0005,0.0006,71.64,81.05,-28.36,0.0017,ðŸ§  AI Tahmin (GÃ¼ven: %100.0),15m,Beklemede,,
2025-07-30 05:30:27,SOLUSDT,181.59,SAT,179.6088,181.0385,182.4682,0.0504,0.0949,78.09,84.83,-21.91,0.9479,ðŸ§  AI Tahmin (GÃ¼ven: %100.0),15m,Beklemede,,
2025-07-30 05:30:27,VETUSDT,0.02521,SAT,0.0249,0.0251,0.0254,0.0001,0.0001,65.15,72.22,-34.85,0.0002,ðŸ§  AI Tahmin (GÃ¼ven: %100.0),15m,Beklemede,,
